Datetime,EKPC_MW
2013-12-31,43515
2014-01-01,1856
2013-12-30,42893
2013-12-31,1897
2013-12-29,34883
2013-12-30,1584
2013-12-28,38495
2013-12-29,1472
2013-12-27,40597
2013-12-28,1726
2013-12-26,37891
2013-12-27,1856
2013-12-25,41711
2013-12-26,1520
2013-12-24,42244
2013-12-25,2053
2013-12-23,37484
2013-12-24,1800
2013-12-22,26857
2013-12-23,1262
2013-12-21,27393
2013-12-22,1081
2013-12-20,32362
2013-12-21,1202
2013-12-19,37471
2013-12-20,1422
2013-12-18,41881
2013-12-19,1820
2013-12-17,40539
2013-12-18,1737
2013-12-16,42300
2013-12-17,1744
2013-12-15,44226
2013-12-16,1826
2013-12-14,38564
2013-12-15,1675
2013-12-13,44903
2013-12-14,1663
2013-12-12,48004
2013-12-13,2127
2013-12-11,46350
2013-12-12,1968
2013-12-10,45685
2013-12-11,2035
2013-12-09,42507
2013-12-10,1849
2013-12-08,44296
2013-12-09,1696
2013-12-07,45026
2013-12-08,1966
2013-12-06,41663
2013-12-07,1849
2013-12-05,29667
2013-12-06,1475
2013-12-04,28770
2013-12-05,1162
2013-12-03,32330
2013-12-04,1318
2013-12-02,34337
2013-12-03,1351
2013-12-01,35861
2013-12-02,1407
2013-11-30,38165
2013-12-01,1542
2013-11-29,40132
2013-11-30,1758
2013-11-28,43850
2013-11-29,1803
2013-11-27,45383
2013-11-28,2065
2013-11-26,41441
2013-11-27,1680
2013-11-25,43465
2013-11-26,1674
2013-11-24,44766
2013-11-25,2021
2013-11-23,35848
2013-11-24,1889
2013-11-22,29319
2013-11-23,1336
2013-11-21,32084
2013-11-22,1179
2013-11-20,35206
2013-11-21,1444
2013-11-19,36066
2013-11-20,1486
2013-11-18,29799
2013-11-19,1386
2013-11-17,26446
2013-11-18,1048
2013-11-16,29084
2013-11-17,1080
2013-11-15,35050
2013-11-16,1205
2013-11-14,39014
2013-11-15,1501
2013-11-13,41592
2013-11-14,1785
2013-11-12,38147
2013-11-13,1798
2013-11-11,34200
2013-11-12,1250
2013-11-10,30426
2013-11-11,1415
2013-11-09,32417
2013-11-10,1295
2013-11-08,33763
2013-11-09,1475
2013-11-07,30205
2013-11-08,1430
2013-11-06,27252
2013-11-07,1068
2013-11-05,29001
2013-11-06,1180
2013-11-04,31888
2013-11-05,1209
2013-11-03,28859
2013-11-04,1310
2013-11-02,26762
2013-11-03,1234
2013-11-01,24974
2013-11-02,996
2013-10-31,25911
2013-11-01,1025
2013-10-30,26570
2013-10-31,1064
2013-10-29,27021
2013-10-30,1085
2013-10-28,28671
2013-10-29,1036
2013-10-27,29502
2013-10-28,1146
2013-10-26,35424
2013-10-27,1301
2013-10-25,35125
2013-10-26,1573
2013-10-24,34842
2013-10-25,1503
2013-10-23,31869
2013-10-24,1508
2013-10-22,29178
2013-10-23,1238
2013-10-21,29818
2013-10-22,1139
2013-10-20,29077
2013-10-21,1153
2013-10-19,27763
2013-10-20,1280
2013-10-18,26913
2013-10-19,1075
2013-10-17,26367
2013-10-18,1137
2013-10-16,26057
2013-10-17,1059
2013-10-15,26433
2013-10-16,1027
2013-10-14,26319
2013-10-15,1074
2013-10-13,25138
2013-10-14,1025
2013-10-12,25196
2013-10-13,1039
2013-10-11,25989
2013-10-12,1040
2013-10-10,25153
2013-10-11,1043
2013-10-09,23599
2013-10-10,932
2013-10-08,23029
2013-10-09,890
2013-10-07,22670
2013-10-08,918
2013-10-06,24008
2013-10-07,889
2013-10-05,26323
2013-10-06,1046
2013-10-04,27740
2013-10-05,1101
2013-10-03,29744
2013-10-04,1205
2013-10-02,29127
2013-10-03,1197
2013-10-01,28337
2013-10-02,1157
2013-09-30,27596
2013-10-01,1111
2013-09-29,13374
2013-09-30,533
2013-09-28,26334
2013-09-29,1073
2013-09-27,27250
2013-09-28,1087
2013-09-26,27809
2013-09-27,1119
2013-09-25,26593
2013-09-26,1087
2013-09-24,27604
2013-09-25,1141
2013-09-23,26573
2013-09-24,1070
2013-09-22,24908
2013-09-23,1023
2013-09-21,27067
2013-09-22,1075
2013-09-20,30838
2013-09-21,1257
2013-09-19,27695
2013-09-20,1165
2013-09-18,25821
2013-09-19,1072
2013-09-17,27831
2013-09-18,1125
2013-09-16,27247
2013-09-17,1110
2013-09-15,25609
2013-09-16,1109
2013-09-14,24701
2013-09-15,998
2013-09-13,27696
2013-09-14,1094
2013-09-12,31162
2013-09-13,1185
2013-09-11,33344
2013-09-12,1316
2013-09-10,35912
2013-09-11,1400
2013-09-09,36523
2013-09-10,1478
2013-09-08,33414
2013-09-09,1291
2013-09-07,31439
2013-09-08,1298
2013-09-06,31735
2013-09-07,1254
2013-09-05,31312
2013-09-06,1283
2013-09-04,30421
2013-09-05,1206
2013-09-03,31863
2013-09-04,1205
2013-09-02,33695
2013-09-03,1347
2013-09-01,32252
2013-09-02,1373
2013-08-31,35085
2013-09-01,1327
2013-08-30,37102
2013-08-31,1531
2013-08-29,38109
2013-08-30,1448
2013-08-28,38279
2013-08-29,1557
2013-08-27,36146
2013-08-28,1502
2013-08-26,34893
2013-08-27,1407
2013-08-25,32159
2013-08-26,1298
2013-08-24,33120
2013-08-25,1287
2013-08-23,34295
2013-08-24,1361
2013-08-22,34902
2013-08-23,1399
2013-08-21,32792
2013-08-22,1331
2013-08-20,33677
2013-08-21,1359
2013-08-19,33031
2013-08-20,1342
2013-08-18,29228
2013-08-19,1235
2013-08-17,29698
2013-08-18,1255
2013-08-16,29595
2013-08-17,1241
2013-08-15,28524
2013-08-16,1186
2013-08-14,28455
2013-08-15,1151
2013-08-13,32823
2013-08-14,1274
2013-08-12,34315
2013-08-13,1333
2013-08-11,34297
2013-08-12,1447
2013-08-10,33252
2013-08-11,1410
2013-08-09,34911
2013-08-10,1435
2013-08-08,35162
2013-08-09,1468
2013-08-07,33783
2013-08-08,1491
2013-08-06,33090
2013-08-07,1425
2013-08-05,31511
2013-08-06,1337
2013-08-04,30868
2013-08-05,1254
2013-08-03,32346
2013-08-04,1392
2013-08-02,31724
2013-08-03,1327
2013-08-01,31939
2013-08-02,1310
2013-07-31,29396
2013-08-01,1258
2013-07-30,29934
2013-07-31,1268
2013-07-29,30244
2013-07-30,1270
2013-07-28,27972
2013-07-29,1196
2013-07-27,29640
2013-07-28,1253
2013-07-26,31713
2013-07-27,1367
2013-07-25,31636
2013-07-26,1319
2013-07-24,31715
2013-07-25,1318
2013-07-23,35845
2013-07-24,1554
2013-07-22,33444
2013-07-23,1416
2013-07-21,34261
2013-07-22,1428
2013-07-20,37730
2013-07-21,1548
2013-07-19,38545
2013-07-20,1600
2013-07-18,39775
2013-07-19,1625
2013-07-17,39297
2013-07-18,1595
2013-07-16,39559
2013-07-17,1688
2013-07-15,37864
2013-07-16,1651
2013-07-14,34107
2013-07-15,1519
2013-07-13,30180
2013-07-14,1309
2013-07-12,31574
2013-07-13,1286
2013-07-11,33782
2013-07-12,1284
2013-07-10,35496
2013-07-11,1372
2013-07-09,38037
2013-07-10,1627
2013-07-08,35692
2013-07-09,1552
2013-07-07,30501
2013-07-08,1379
2013-07-06,27609
2013-07-07,1208
2013-07-05,28055
2013-07-06,1228
2013-07-04,26994
2013-07-05,1149
2013-07-03,30363
2013-07-04,1292
2013-07-02,30978
2013-07-03,1350
2013-07-01,30699
2013-07-02,1213
2013-06-30,30394
2013-07-01,1296
2013-06-29,31595
2013-06-30,1298
2013-06-28,34634
2013-06-29,1394
2013-06-27,34070
2013-06-28,1482
2013-06-26,34686
2013-06-27,1393
2013-06-25,36361
2013-06-26,1546
2013-06-24,34391
2013-06-25,1388
2013-06-23,33767
2013-06-24,1406
2013-06-22,34461
2013-06-23,1416
2013-06-21,33949
2013-06-22,1449
2013-06-20,32957
2013-06-21,1374
2013-06-19,32264
2013-06-20,1354
2013-06-18,31575
2013-06-19,1285
2013-06-17,33454
2013-06-18,1309
2013-06-16,29768
2013-06-17,1241
2013-06-15,30728
2013-06-16,1340
2013-06-14,29852
2013-06-15,1282
2013-06-13,34692
2013-06-14,1268
2013-06-12,36068
2013-06-13,1612
2013-06-11,32116
2013-06-12,1374
2013-06-10,29626
2013-06-11,1248
2013-06-09,27524
2013-06-10,1205
2013-06-08,28419
2013-06-09,1222
2013-06-07,28975
2013-06-08,1196
2013-06-06,29943
2013-06-07,1264
2013-06-05,29822
2013-06-06,1285
2013-06-04,28295
2013-06-05,1140
2013-06-03,28601
2013-06-04,1183
2013-06-02,28127
2013-06-03,1109
2013-06-01,30445
2013-06-02,1276
2014-12-31,45563
2015-01-01,2029
2014-12-30,42203
2014-12-31,1936
2014-12-29,39599
2014-12-30,1739
2014-12-28,33937
2014-12-29,1524
2014-12-27,31526
2014-12-28,1281
2014-12-26,35110
2014-12-27,1386
2014-12-25,32314
2014-12-26,1514
2014-12-24,27972
2014-12-25,1325
2014-12-23,31690
2014-12-24,1238
2014-12-22,36543
2014-12-23,1380
2014-12-21,41764
2014-12-22,1711
2014-12-20,42082
2014-12-21,1875
2014-12-19,42435
2014-12-20,1920
2014-12-18,44099
2014-12-19,1777
2014-12-17,39786
2014-12-18,1899
2014-12-16,35000
2014-12-17,1576
2014-12-15,35586
2014-12-16,1393
2014-12-14,35424
2014-12-15,1441
2014-12-13,38651
2014-12-14,1602
2014-12-12,42651
2014-12-13,1759
2014-12-11,40562
2014-12-12,1861
2014-12-10,40355
2014-12-11,1703
2014-12-09,38370
2014-12-10,1595
2014-12-08,38079
2014-12-09,1501
2014-12-07,36159
2014-12-08,1585
2014-12-06,32603
2014-12-07,1571
2014-12-05,33135
2014-12-06,1210
2014-12-04,41210
2014-12-05,1515
2014-12-03,36264
2014-12-04,1738
2014-12-02,37410
2014-12-03,1468
2014-12-01,32701
2014-12-02,1583
2014-11-30,28197
2014-12-01,1095
2014-11-29,35662
2014-11-30,1275
2014-11-28,40600
2014-11-29,1691
2014-11-27,40265
2014-11-28,1784
2014-11-26,37876
2014-11-27,1605
2014-11-25,35726
2014-11-26,1554
2014-11-24,29893
2014-11-25,1405
2014-11-23,31394
2014-11-24,1170
2014-11-22,35960
2014-11-23,1342
2014-11-21,43788
2014-11-22,1830
2014-11-20,40708
2014-11-21,1966
2014-11-19,45899
2014-11-20,1623
2014-11-18,51745
2014-11-19,2268
2014-11-17,43683
2014-11-18,2114
2014-11-16,37965
2014-11-17,1476
2014-11-15,44116
2014-11-16,1671
2014-11-14,44783
2014-11-15,2059
2014-11-13,42201
2014-11-14,1901
2014-11-12,36857
2014-11-13,1605
2014-11-11,29738
2014-11-12,1244
2014-11-10,32353
2014-11-11,1236
2014-11-09,30501
2014-11-10,1355
2014-11-08,34112
2014-11-09,1285
2014-11-07,33725
2014-11-08,1557
2014-11-06,31092
2014-11-07,1399
2014-11-05,28382
2014-11-06,1178
2014-11-04,30781
2014-11-05,1144
2014-11-03,33902
2014-11-04,1282
2014-11-02,37604
2014-11-03,1538
2014-11-01,37842
2014-11-02,1588
2014-10-31,33299
2014-11-01,1507
2014-10-30,30762
2014-10-31,1316
2014-10-29,27635
2014-10-30,1221
2014-10-28,27215
2014-10-29,1075
2014-10-27,28276
2014-10-28,1118
2014-10-26,25613
2014-10-27,1080
2014-10-25,27672
2014-10-26,1076
2014-10-24,28876
2014-10-25,1196
2014-10-23,29428
2014-10-24,1213
2014-10-22,28978
2014-10-23,1217
2014-10-21,29007
2014-10-22,1148
2014-10-20,29514
2014-10-21,1167
2014-10-19,26848
2014-10-20,1136
2014-10-18,26359
2014-10-19,1090
2014-10-17,27512
2014-10-18,1073
2014-10-16,27119
2014-10-17,1167
2014-10-15,26764
2014-10-16,1118
2014-10-14,26993
2014-10-15,1088
2014-10-13,27608
2014-10-14,1131
2014-10-12,25782
2014-10-13,1069
2014-10-11,26086
2014-10-12,1109
2014-10-10,26773
2014-10-11,1108
2014-10-09,26889
2014-10-10,1112
2014-10-08,25268
2014-10-09,1067
2014-10-07,27206
2014-10-08,1106
2014-10-06,27230
2014-10-07,1101
2014-10-05,27305
2014-10-06,1098
2014-10-04,24849
2014-10-05,1139
2014-10-03,27710
2014-10-04,1062
2014-10-02,30045
2014-10-03,1228
2014-10-01,28777
2014-10-02,1151
2014-09-30,29553
2014-10-01,1136
2014-09-29,30272
2014-09-30,1167
2014-09-28,27916
2014-09-29,1148
2014-09-27,28374
2014-09-28,1125
2014-09-26,27926
2014-09-27,1121
2014-09-25,27632
2014-09-26,1086
2014-09-24,25879
2014-09-25,1071
2014-09-23,24090
2014-09-24,957
2014-09-22,23745
2014-09-23,942
2014-09-21,25427
2014-09-22,965
2014-09-20,25424
2014-09-21,1060
2014-09-19,24584
2014-09-20,985
2014-09-18,24506
2014-09-19,972
2014-09-17,24141
2014-09-18,960
2014-09-16,24576
2014-09-17,973
2014-09-15,26857
2014-09-16,1107
2014-09-14,24937
2014-09-15,1050
2014-09-13,25196
2014-09-14,1049
2014-09-12,27128
2014-09-13,1115
2014-09-11,32102
2014-09-12,1213
2014-09-10,33105
2014-09-11,1389
2014-09-09,32803
2014-09-10,1282
2014-09-08,31003
2014-09-09,1254
2014-09-07,28636
2014-09-08,1121
2014-09-06,35046
2014-09-07,1342
2014-09-05,37120
2014-09-06,1504
2014-09-04,36468
2014-09-05,1487
2014-09-03,34844
2014-09-04,1441
2014-09-02,35472
2014-09-03,1344
2014-09-01,35064
2014-09-02,1461
2014-08-31,30810
2014-09-01,1322
2014-08-30,32683
2014-08-31,1369
2014-08-29,37034
2014-08-30,1476
2014-08-28,37196
2014-08-29,1474
2014-08-27,36902
2014-08-28,1451
2014-08-26,37747
2014-08-27,1524
2014-08-25,38404
2014-08-26,1525
2014-08-24,36811
2014-08-25,1530
2014-08-23,37458
2014-08-24,1497
2014-08-22,38407
2014-08-23,1576
2014-08-21,35953
2014-08-22,1538
2014-08-20,35103
2014-08-21,1385
2014-08-19,36004
2014-08-20,1480
2014-08-18,33361
2014-08-19,1405
2014-08-17,29685
2014-08-18,1263
2014-08-16,29840
2014-08-17,1287
2014-08-15,31076
2014-08-16,1234
2014-08-14,31473
2014-08-15,1310
2014-08-13,30094
2014-08-14,1249
2014-08-12,33525
2014-08-13,1261
2014-08-11,34102
2014-08-12,1386
2014-08-10,33302
2014-08-11,1427
2014-08-09,31954
2014-08-10,1374
2014-08-08,30836
2014-08-09,1311
2014-08-07,33914
2014-08-08,1374
2014-08-06,34793
2014-08-07,1423
2014-08-05,34138
2014-08-06,1409
2014-08-04,33886
2014-08-05,1373
2014-08-03,31066
2014-08-04,1291
2014-08-02,31768
2014-08-03,1289
2014-08-01,32891
2014-08-02,1365
2014-07-31,32201
2014-08-01,1367
2014-07-30,29870
2014-07-31,1304
2014-07-29,28111
2014-07-30,1196
2014-07-28,30786
2014-07-29,1241
2014-07-27,31821
2014-07-28,1406
2014-07-26,32920
2014-07-27,1431
2014-07-25,30942
2014-07-26,1314
2014-07-24,32402
2014-07-25,1319
2014-07-23,36942
2014-07-24,1511
2014-07-22,38803
2014-07-23,1632
2014-07-21,36439
2014-07-22,1607
2014-07-20,31124
2014-07-21,1414
2014-07-19,27165
2014-07-20,1215
2014-07-18,27304
2014-07-19,1152
2014-07-17,29779
2014-07-18,1266
2014-07-16,29168
2014-07-17,1162
2014-07-15,32351
2014-07-16,1249
2014-07-14,36112
2014-07-15,1466
2014-07-13,37371
2014-07-14,1607
2014-07-12,34679
2014-07-13,1489
2014-07-11,35387
2014-07-12,1472
2014-07-10,34322
2014-07-11,1459
2014-07-09,34736
2014-07-10,1353
2014-07-08,36311
2014-07-09,1486
2014-07-07,35863
2014-07-08,1510
2014-07-06,31172
2014-07-07,1369
2014-07-05,28298
2014-07-06,1263
2014-07-04,27522
2014-07-05,1144
2014-07-03,31038
2014-07-04,1223
2014-07-02,36122
2014-07-03,1477
2014-07-01,39258
2014-07-02,1557
2014-06-30,36314
2014-07-01,1637
2014-06-29,33525
2014-06-30,1427
2014-06-28,33407
2014-06-29,1433
2014-06-27,36601
2014-06-28,1503
2014-06-26,36229
2014-06-27,1507
2014-06-25,35340
2014-06-26,1468
2014-06-24,36020
2014-06-25,1470
2014-06-23,38116
2014-06-24,1524
2014-06-22,35020
2014-06-23,1524
2014-06-21,34790
2014-06-22,1447
2014-06-20,36391
2014-06-21,1414
2014-06-19,38822
2014-06-20,1558
2014-06-18,37873
2014-06-19,1645
2014-06-17,37799
2014-06-18,1617
2014-06-16,36341
2014-06-17,1558
2014-06-15,30567
2014-06-16,1390
2014-06-14,27798
2014-06-15,1155
2014-06-13,29959
2014-06-14,1216
2014-06-12,31087
2014-06-13,1301
2014-06-11,29780
2014-06-12,1260
2014-06-10,30891
2014-06-11,1235
2014-06-09,28466
2014-06-10,1221
2014-06-08,27894
2014-06-09,1134
2014-06-07,29861
2014-06-08,1330
2014-06-06,30814
2014-06-07,1242
2014-06-05,30092
2014-06-06,1251
2014-06-04,32413
2014-06-05,1365
2014-06-03,33279
2014-06-04,1362
2014-06-02,32401
2014-06-03,1295
2014-06-01,30868
2014-06-02,1317
2014-05-31,30393
2014-06-01,1277
2014-05-30,32856
2014-05-31,1330
2014-05-29,32559
2014-05-30,1355
2014-05-28,32570
2014-05-29,1334
2014-05-27,33167
2014-05-28,1304
2014-05-26,29581
2014-05-27,1315
2014-05-25,26093
2014-05-26,1154
2014-05-24,26738
2014-05-25,1135
2014-05-23,28309
2014-05-24,1110
2014-05-22,31092
2014-05-23,1203
2014-05-21,28168
2014-05-22,1210
2014-05-20,28328
2014-05-21,1193
2014-05-19,27663
2014-05-20,1117
2014-05-18,26457
2014-05-19,1108
2014-05-17,26899
2014-05-18,1141
2014-05-16,27462
2014-05-17,1229
2014-05-15,26794
2014-05-16,1107
2014-05-14,29955
2014-05-15,1150
2014-05-13,32884
2014-05-14,1322
2014-05-12,32519
2014-05-13,1353
2014-05-11,27373
2014-05-12,1216
2014-05-10,25988
2014-05-11,1081
2014-05-09,27772
2014-05-10,1157
2014-05-08,30204
2014-05-09,1244
2014-05-07,28394
2014-05-08,1242
2014-05-06,28576
2014-05-07,1179
2014-05-05,27836
2014-05-06,1170
2014-05-04,25744
2014-05-05,1105
2014-05-03,26240
2014-05-04,1071
2014-05-02,26885
2014-05-03,1119
2014-05-01,27176
2014-05-02,1161
2014-04-30,26564
2014-05-01,1101
2014-04-29,26805
2014-04-30,1080
2014-04-28,26396
2014-04-29,1074
2014-04-27,25463
2014-04-28,1096
2014-04-26,25549
2014-04-27,1075
2014-04-25,25930
2014-04-26,1096
2014-04-24,28077
2014-04-25,1112
2014-04-23,25910
2014-04-24,1132
2014-04-22,26428
2014-04-23,1115
2014-04-21,26641
2014-04-22,1104
2014-04-20,24940
2014-04-21,1027
2014-04-19,24988
2014-04-20,1062
2014-04-18,26129
2014-04-19,1059
2014-04-17,30677
2014-04-18,1098
2014-04-16,35590
2014-04-17,1376
2014-04-15,33055
2014-04-16,1656
2014-04-14,26322
2014-04-15,1090
2014-04-13,24448
2014-04-14,1094
2014-04-12,24877
2014-04-13,1064
2014-04-11,24990
2014-04-12,1049
2014-04-10,28790
2014-04-11,1072
2014-04-09,27480
2014-04-10,1203
2014-04-08,29071
2014-04-09,1194
2014-04-07,28355
2014-04-08,1228
2014-04-06,29268
2014-04-07,1114
2014-04-05,29434
2014-04-06,1269
2014-04-04,26580
2014-04-05,1261
2014-04-03,26389
2014-04-04,1088
2014-04-02,26586
2014-04-03,1106
2014-04-01,26997
2014-04-02,1038
2014-03-31,32185
2014-04-01,1151
2014-03-30,33234
2014-03-31,1341
2014-03-29,31766
2014-03-30,1589
2014-03-28,28291
2014-03-29,1136
2014-03-27,37024
2014-03-28,1306
2014-03-26,41340
2014-03-27,1627
2014-03-25,41260
2014-03-26,1879
2014-03-24,38757
2014-03-25,1532
2014-03-23,32807
2014-03-24,1518
2014-03-22,27739
2014-03-23,1230
2014-03-21,31172
2014-03-22,1159
2014-03-20,32723
2014-03-21,1396
2014-03-19,30951
2014-03-20,1314
2014-03-18,35725
2014-03-19,1360
2014-03-17,42829
2014-03-18,1661
2014-03-16,37060
2014-03-17,1883
2014-03-15,28530
2014-03-16,1165
2014-03-14,35456
2014-03-15,1272
2014-03-13,40853
2014-03-14,1752
2014-03-12,32317
2014-03-13,1752
2014-03-11,29441
2014-03-12,1106
2014-03-10,33984
2014-03-11,1273
2014-03-09,31168
2014-03-10,1470
2014-03-08,33074
2014-03-09,1275
2014-03-07,36142
2014-03-08,1459
2014-03-06,41409
2014-03-07,1736
2014-03-05,43108
2014-03-06,1851
2014-03-04,51202
2014-03-05,1972
2014-03-03,52195
2014-03-04,2438
2014-03-02,37541
2014-03-03,1946
2014-03-01,34426
2014-03-02,1317
2014-02-28,45625
2014-03-01,1713
2014-02-27,48820
2014-02-28,2123
2014-02-26,46252
2014-02-27,2173
2014-02-25,41608
2014-02-26,1758
2014-02-24,41518
2014-02-25,1782
2014-02-23,33603
2014-02-24,1654
2014-02-22,33625
2014-02-23,1334
2014-02-21,32211
2014-02-22,1619
2014-02-20,31496
2014-02-21,1109
2014-02-19,30252
2014-02-20,1377
2014-02-18,36768
2014-02-19,1453
2014-02-17,44313
2014-02-18,1631
2014-02-16,43334
2014-02-17,1889
2014-02-15,47115
2014-02-16,1997
2014-02-14,41677
2014-02-15,1774
2014-02-13,44051
2014-02-14,1793
2014-02-12,51584
2014-02-13,1997
2014-02-11,53902
2014-02-12,2314
2014-02-10,50132
2014-02-11,2391
2014-02-09,45108
2014-02-10,1994
2014-02-08,48600
2014-02-09,1873
2014-02-07,53196
2014-02-08,2285
2014-02-06,49059
2014-02-07,2216
2014-02-05,46853
2014-02-06,2106
2014-02-04,47168
2014-02-05,1856
2014-02-03,45783
2014-02-04,1969
2014-02-02,36717
2014-02-03,1833
2014-02-01,34034
2014-02-02,1330
2014-01-31,43749
2014-02-01,1657
2014-01-30,56172
2014-01-31,1977
2014-01-29,62805
2014-01-30,2629
2014-01-28,63948
2014-01-29,2897
2014-01-27,49633
2014-01-28,2623
2014-01-26,47018
2014-01-27,1617
2014-01-25,52656
2014-01-26,2226
2014-01-24,64863
2014-01-25,2491
2014-01-23,60927
2014-01-24,2931
2014-01-22,61089
2014-01-23,2400
2014-01-21,49530
2014-01-22,2638
2014-01-20,38731
2014-01-21,1620
2014-01-19,41167
2014-01-20,1762
2014-01-18,49627
2014-01-19,1838
2014-01-17,48069
2014-01-18,2254
2014-01-16,48935
2014-01-17,1792
2014-01-15,43954
2014-01-16,2042
2014-01-14,35366
2014-01-15,1593
2014-01-13,37496
2014-01-14,1471
2014-01-12,36816
2014-01-13,1555
2014-01-11,33081
2014-01-12,1589
2014-01-10,36957
2014-01-11,1378
2014-01-09,43482
2014-01-10,1727
2014-01-08,55079
2014-01-09,2040
2014-01-07,68416
2014-01-08,2623
2014-01-06,64456
2014-01-07,3277
2014-01-05,38079
2014-01-06,1806
2014-01-04,47564
2014-01-05,1814
2014-01-03,54990
2014-01-04,2335
2014-01-02,45366
2014-01-03,2417
2014-01-01,39514
2014-01-02,1636
2015-12-31,34968
2016-01-01,1546
2015-12-30,33370
2015-12-31,1383
2015-12-29,30824
2015-12-30,1411
2015-12-28,31187
2015-12-29,1136
2015-12-27,25465
2015-12-28,1175
2015-12-26,25044
2015-12-27,1055
2015-12-25,23774
2015-12-26,985
2015-12-24,23541
2015-12-25,974
2015-12-23,28229
2015-12-24,1065
2015-12-22,29458
2015-12-23,1238
2015-12-21,34503
2015-12-22,1298
2015-12-20,39874
2015-12-21,1416
2015-12-19,41245
2015-12-20,1827
2015-12-18,42237
2015-12-19,1898
2015-12-17,32240
2015-12-18,1589
2015-12-16,30589
2015-12-17,1090
2015-12-15,31333
2015-12-16,1425
2015-12-14,29111
2015-12-15,1274
2015-12-13,27329
2015-12-14,1126
2015-12-12,26784
2015-12-13,1094
2015-12-11,29072
2015-12-12,1159
2015-12-10,32757
2015-12-11,1282
2015-12-09,34547
2015-12-10,1373
2015-12-08,35009
2015-12-09,1480
2015-12-07,34381
2015-12-08,1478
2015-12-06,36190
2015-12-07,1398
2015-12-05,37954
2015-12-06,1657
2015-12-04,39249
2015-12-05,1720
2015-12-03,38032
2015-12-04,1762
2015-12-02,33359
2015-12-03,1571
2015-12-01,29846
2015-12-02,1279
2015-11-30,31448
2015-12-01,1238
2015-11-29,28613
2015-11-30,1245
2015-11-28,25645
2015-11-29,1060
2015-11-27,23539
2015-11-28,949
2015-11-26,25813
2015-11-27,925
2015-11-25,33406
2015-11-26,1298
2015-11-24,36199
2015-11-25,1457
2015-11-23,40893
2015-11-24,1632
2015-11-22,37990
2015-11-23,1834
2015-11-21,33703
2015-11-22,1504
2015-11-20,33235
2015-11-21,1475
2015-11-19,26947
2015-11-20,1303
2015-11-18,25421
2015-11-19,961
2015-11-17,29212
2015-11-18,1127
2015-11-16,32351
2015-11-17,1205
2015-11-15,31555
2015-11-16,1282
2015-11-14,32847
2015-11-15,1387
2015-11-13,31096
2015-11-14,1390
2015-11-12,27352
2015-11-13,1219
2015-11-11,31733
2015-11-12,1136
2015-11-10,30137
2015-11-11,1342
2015-11-09,31103
2015-11-10,1197
2015-11-08,29033
2015-11-09,1259
2015-11-07,26039
2015-11-08,1228
2015-11-06,25530
2015-11-07,1076
2015-11-05,25486
2015-11-06,1075
2015-11-04,26212
2015-11-05,1081
2015-11-03,27367
2015-11-04,978
2015-11-02,25664
2015-11-03,1054
2015-11-01,26414
2015-11-02,1027
2015-10-31,28846
2015-11-01,1089
2015-10-30,29667
2015-10-31,1291
2015-10-29,25071
2015-10-30,1169
2015-10-28,24189
2015-10-29,935
2015-10-27,26102
2015-10-28,1019
2015-10-26,26956
2015-10-27,1083
2015-10-25,24404
2015-10-26,1021
2015-10-24,24838
2015-10-25,1031
2015-10-23,26207
2015-10-24,1049
2015-10-22,25644
2015-10-23,1074
2015-10-21,25354
2015-10-22,951
2015-10-20,25874
2015-10-21,976
2015-10-19,30145
2015-10-20,1073
2015-10-18,29265
2015-10-19,1243
2015-10-17,27479
2015-10-18,1234
2015-10-16,24253
2015-10-17,1134
2015-10-15,24869
2015-10-16,965
2015-10-14,24263
2015-10-15,967
2015-10-13,25739
2015-10-14,953
2015-10-12,27117
2015-10-13,1042
2015-10-11,24986
2015-10-12,1032
2015-10-10,24175
2015-10-11,1056
2015-10-09,24729
2015-10-10,972
2015-10-08,26046
2015-10-09,1040
2015-10-07,25566
2015-10-08,1001
2015-10-06,25329
2015-10-07,982
2015-10-05,25691
2015-10-06,991
2015-10-04,25113
2015-10-05,1043
2015-10-03,27510
2015-10-04,1098
2015-10-02,26400
2015-10-03,1154
2015-10-01,25914
2015-10-02,1052
2015-09-30,26916
2015-10-01,1071
2015-09-29,29158
2015-09-30,1187
2015-09-28,30015
2015-09-29,1179
2015-09-27,26847
2015-09-28,1152
2015-09-26,25390
2015-09-27,1092
2015-09-25,26266
2015-09-26,1069
2015-09-24,27360
2015-09-25,1080
2015-09-23,27344
2015-09-24,1033
2015-09-22,27832
2015-09-23,1089
2015-09-21,27196
2015-09-22,1050
2015-09-20,26206
2015-09-21,1050
2015-09-19,29054
2015-09-20,1074
2015-09-18,30248
2015-09-19,1225
2015-09-17,29353
2015-09-18,1173
2015-09-16,26698
2015-09-17,1062
2015-09-15,26262
2015-09-16,993
2015-09-14,26554
2015-09-15,1096
2015-09-13,24271
2015-09-14,1004
2015-09-12,25569
2015-09-13,1029
2015-09-11,30362
2015-09-12,1189
2015-09-10,32143
2015-09-11,1274
2015-09-09,31410
2015-09-10,1283
2015-09-08,33914
2015-09-09,1335
2015-09-07,33269
2015-09-08,1286
2015-09-06,34364
2015-09-07,1410
2015-09-05,35686
2015-09-06,1418
2015-09-04,36212
2015-09-05,1451
2015-09-03,36126
2015-09-04,1447
2015-09-02,33748
2015-09-03,1333
2015-09-01,33572
2015-09-02,1316
2015-08-31,34505
2015-09-01,1351
2015-08-30,31944
2015-08-31,1255
2015-08-29,32076
2015-08-30,1298
2015-08-28,30223
2015-08-29,1276
2015-08-27,28854
2015-08-28,1173
2015-08-26,26308
2015-08-27,1075
2015-08-25,26912
2015-08-26,1050
2015-08-24,32801
2015-08-25,1191
2015-08-23,33496
2015-08-24,1428
2015-08-22,30357
2015-08-23,1273
2015-08-21,29714
2015-08-22,1178
2015-08-20,30112
2015-08-21,1113
2015-08-19,32612
2015-08-20,1284
2015-08-18,32672
2015-08-19,1331
2015-08-17,32978
2015-08-18,1326
2015-08-16,34446
2015-08-17,1411
2015-08-15,32980
2015-08-16,1347
2015-08-14,31798
2015-08-15,1337
2015-08-13,31705
2015-08-14,1260
2015-08-12,31139
2015-08-13,1176
2015-08-11,35778
2015-08-12,1356
2015-08-10,35645
2015-08-11,1482
2015-08-09,34166
2015-08-10,1452
2015-08-08,32172
2015-08-09,1363
2015-08-07,30442
2015-08-08,1300
2015-08-06,30773
2015-08-07,1257
2015-08-05,32762
2015-08-06,1281
2015-08-04,34753
2015-08-05,1316
2015-08-03,35957
2015-08-04,1544
2015-08-02,33457
2015-08-03,1403
2015-08-01,33923
2015-08-02,1349
2015-07-31,34821
2015-08-01,1428
2015-07-30,37525
2015-07-31,1448
2015-07-29,37517
2015-07-30,1599
2015-07-28,37698
2015-07-29,1490
2015-07-27,38539
2015-07-28,1657
2015-07-26,36232
2015-07-27,1589
2015-07-25,34537
2015-07-26,1472
2015-07-24,34585
2015-07-25,1386
2015-07-23,32523
2015-07-24,1396
2015-07-22,32900
2015-07-23,1318
2015-07-21,35911
2015-07-22,1390
2015-07-20,38179
2015-07-21,1599
2015-07-19,38029
2015-07-20,1555
2015-07-18,38625
2015-07-19,1636
2015-07-17,36126
2015-07-18,1623
2015-07-16,32209
2015-07-17,1373
2015-07-15,30584
2015-07-16,1243
2015-07-14,34977
2015-07-15,1348
2015-07-13,35446
2015-07-14,1385
2015-07-12,32946
2015-07-13,1496
2015-07-11,31592
2015-07-12,1403
2015-07-10,33104
2015-07-11,1372
2015-07-09,32327
2015-07-10,1348
2015-07-08,31072
2015-07-09,1330
2015-07-07,34102
2015-07-08,1375
2015-07-06,33715
2015-07-07,1474
2015-07-05,28036
2015-07-06,1238
2015-07-04,27247
2015-07-05,1182
2015-07-03,26420
2015-07-04,1103
2015-07-02,29626
2015-07-03,1291
2015-07-01,29944
2015-07-02,1271
2015-06-30,30907
2015-07-01,1264
2015-06-29,29829
2015-06-30,1222
2015-06-28,28138
2015-06-29,1198
2015-06-27,29250
2015-06-28,1187
2015-06-26,33874
2015-06-27,1363
2015-06-25,32797
2015-06-26,1450
2015-06-24,35436
2015-06-25,1347
2015-06-23,39177
2015-06-24,1638
2015-06-22,36749
2015-06-23,1620
2015-06-21,33707
2015-06-22,1427
2015-06-20,30543
2015-06-21,1340
2015-06-19,31760
2015-06-20,1348
2015-06-18,33846
2015-06-19,1299
2015-06-17,34380
2015-06-18,1367
2015-06-16,37292
2015-06-17,1459
2015-06-15,38383
2015-06-16,1586
2015-06-14,36128
2015-06-15,1533
2015-06-13,34932
2015-06-14,1467
2015-06-12,35471
2015-06-13,1526
2015-06-11,33763
2015-06-12,1418
2015-06-10,31865
2015-06-11,1332
2015-06-09,30256
2015-06-10,1229
2015-06-08,31412
2015-06-09,1268
2015-06-07,32060
2015-06-08,1441
2015-06-06,30504
2015-06-07,1280
2015-06-05,31431
2015-06-06,1322
2015-06-04,29522
2015-06-05,1282
2015-06-03,24497
2015-06-04,1053
2015-06-02,26225
2015-06-03,1112
2015-06-01,26652
2015-06-02,1089
2015-05-31,29554
2015-06-01,1139
2015-05-30,32042
2015-05-31,1352
2015-05-29,31013
2015-05-30,1318
2015-05-28,27379
2015-05-29,1192
2015-05-27,27655
2015-05-28,1070
2015-05-26,28830
2015-05-27,1119
2015-05-25,28304
2015-05-26,1178
2015-05-24,26086
2015-05-25,1222
2015-05-23,26047
2015-05-24,1134
2015-05-22,26635
2015-05-23,1068
2015-05-21,26040
2015-05-22,1111
2015-05-20,26924
2015-05-21,1125
2015-05-19,28008
2015-05-20,1136
2015-05-18,30194
2015-05-19,1242
2015-05-17,29833
2015-05-18,1228
2015-05-16,27821
2015-05-17,1152
2015-05-15,29703
2015-05-16,1287
2015-05-14,26684
2015-05-15,1124
2015-05-13,26138
2015-05-14,1060
2015-05-12,27796
2015-05-13,1073
2015-05-11,31274
2015-05-12,1231
2015-05-10,30741
2015-05-11,1281
2015-05-09,30764
2015-05-10,1317
2015-05-08,31212
2015-05-09,1291
2015-05-07,30607
2015-05-08,1269
2015-05-06,28515
2015-05-07,1254
2015-05-05,28690
2015-05-06,1195
2015-05-04,27684
2015-05-05,1165
2015-05-03,25143
2015-05-04,996
2015-05-02,25481
2015-05-03,1030
2015-05-01,27589
2015-05-02,1115
2015-04-30,27236
2015-05-01,1205
2015-04-29,27384
2015-04-30,1093
2015-04-28,27827
2015-04-29,1090
2015-04-27,28228
2015-04-28,1155
2015-04-26,26064
2015-04-27,1108
2015-04-25,26607
2015-04-26,1074
2015-04-24,29020
2015-04-25,1075
2015-04-23,29359
2015-04-24,1222
2015-04-22,27591
2015-04-23,1214
2015-04-21,27584
2015-04-22,1182
2015-04-20,26021
2015-04-21,1131
2015-04-19,24780
2015-04-20,1039
2015-04-18,25335
2015-04-19,1096
2015-04-17,25240
2015-04-18,1088
2015-04-16,23913
2015-04-17,1007
2015-04-15,24019
2015-04-16,963
2015-04-14,23743
2015-04-15,981
2015-04-13,24288
2015-04-14,987
2015-04-12,26569
2015-04-13,969
2015-04-11,25838
2015-04-12,1108
2015-04-10,25424
2015-04-11,1109
2015-04-09,24585
2015-04-10,1059
2015-04-08,24047
2015-04-09,958
2015-04-07,24907
2015-04-08,948
2015-04-06,27514
2015-04-07,1111
2015-04-05,28702
2015-04-06,1060
2015-04-04,27898
2015-04-05,1265
2015-04-03,25798
2015-04-04,1096
2015-04-02,27379
2015-04-03,1102
2015-04-01,26580
2015-04-02,1028
2015-03-31,29493
2015-04-01,1107
2015-03-30,29405
2015-03-31,1201
2015-03-29,37422
2015-03-30,1234
2015-03-28,38621
2015-03-29,1652
2015-03-27,36396
2015-03-28,1669
2015-03-26,29180
2015-03-27,1416
2015-03-25,28906
2015-03-26,1071
2015-03-24,32433
2015-03-25,1304
2015-03-23,31657
2015-03-24,1233
2015-03-22,28606
2015-03-23,1243
2015-03-21,29272
2015-03-22,1150
2015-03-20,33172
2015-03-21,1391
2015-03-19,34593
2015-03-20,1429
2015-03-18,33158
2015-03-19,1350
2015-03-17,27632
2015-03-18,1271
2015-03-16,28918
2015-03-17,1105
2015-03-15,28840
2015-03-16,1181
2015-03-14,29079
2015-03-15,1208
2015-03-13,29981
2015-03-14,1275
2015-03-12,29141
2015-03-13,1154
2015-03-11,27894
2015-03-12,1205
2015-03-10,31670
2015-03-11,1169
2015-03-09,33988
2015-03-10,1361
2015-03-08,34421
2015-03-09,1423
2015-03-07,43763
2015-03-08,1671
2015-03-06,53353
2015-03-07,2210
2015-03-05,49498
2015-03-06,2437
2015-03-04,35432
2015-03-05,1824
2015-03-03,37081
2015-03-04,1233
2015-03-02,40502
2015-03-03,1881
2015-03-01,39991
2015-03-02,1624
2015-02-28,46988
2015-03-01,1751
2015-02-27,51105
2015-02-28,2245
2015-02-26,44611
2015-02-27,2131
2015-02-25,45359
2015-02-26,1877
2015-02-24,52516
2015-02-25,2167
2015-02-23,50272
2015-02-24,2503
2015-02-22,43688
2015-02-23,1930
2015-02-21,47631
2015-02-22,1833
2015-02-20,65887
2015-02-21,2287
2015-02-19,67515
2015-02-20,3143
2015-02-18,57239
2015-02-19,2848
2015-02-17,54199
2015-02-18,2366
2015-02-16,55878
2015-02-17,2377
2015-02-15,54799
2015-02-16,2251
2015-02-14,46301
2015-02-15,2476
2015-02-13,47478
2015-02-14,1938
2015-02-12,46219
2015-02-13,2174
2015-02-11,42150
2015-02-12,1646
2015-02-10,43685
2015-02-11,1914
2015-02-09,35185
2015-02-10,1840
2015-02-08,31490
2015-02-09,1233
2015-02-07,36381
2015-02-08,1363
2015-02-06,48412
2015-02-07,1807
2015-02-05,44188
2015-02-06,2160
2015-02-04,37732
2015-02-05,1515
2015-02-03,42804
2015-02-04,1741
2015-02-02,45626
2015-02-03,2030
2015-02-01,37858
2015-02-02,1420
2015-01-31,43727
2015-02-01,1609
2015-01-30,41657
2015-01-31,1956
2015-01-29,38722
2015-01-30,1706
2015-01-28,44586
2015-01-29,1756
2015-01-27,43790
2015-01-28,1914
2015-01-26,44017
2015-01-27,1942
2015-01-25,38399
2015-01-26,1494
2015-01-24,41161
2015-01-25,1765
2015-01-23,42061
2015-01-24,1731
2015-01-22,40431
2015-01-23,1721
2015-01-21,33642
2015-01-22,1589
2015-01-20,34149
2015-01-21,1333
2015-01-19,37951
2015-01-20,1497
2015-01-18,34537
2015-01-19,1594
2015-01-17,38757
2015-01-18,1469
2015-01-16,41330
2015-01-17,1850
2015-01-15,44200
2015-01-16,1813
2015-01-14,45590
2015-01-15,1908
2015-01-13,46637
2015-01-14,1880
2015-01-12,39728
2015-01-13,1826
2015-01-11,45386
2015-01-12,1653
2015-01-10,54156
2015-01-11,2316
2015-01-09,50454
2015-01-10,2434
2015-01-08,62490
2015-01-09,2284
2015-01-07,55703
2015-01-08,2866
2015-01-06,45056
2015-01-07,2025
2015-01-05,46616
2015-01-06,2088
2015-01-04,32296
2015-01-05,1767
2015-01-03,32494
2015-01-04,1189
2015-01-02,36112
2015-01-03,1458
2015-01-01,42904
2015-01-02,1552
2016-12-31,40159
2017-01-01,1492
2016-12-30,39494
2016-12-31,1769
2016-12-29,35689
2016-12-30,1579
2016-12-28,38081
2016-12-29,1399
2016-12-27,30286
2016-12-28,1602
2016-12-26,26113
2016-12-27,1056
2016-12-25,27257
2016-12-26,1053
2016-12-24,31490
2016-12-25,1241
2016-12-23,40513
2016-12-24,1482
2016-12-22,39534
2016-12-23,1929
2016-12-21,44249
2016-12-22,1621
2016-12-20,50345
2016-12-21,2068
2016-12-19,50090
2016-12-20,2247
2016-12-18,42050
2016-12-19,2098
2016-12-17,33528
2016-12-18,1188
2016-12-16,51978
2016-12-17,1771
2016-12-15,53588
2016-12-16,2330
2016-12-14,41790
2016-12-15,1953
2016-12-13,40586
2016-12-14,1699
2016-12-12,35979
2016-12-13,1636
2016-12-11,40557
2016-12-12,1425
2016-12-10,47367
2016-12-11,1831
2016-12-09,47800
2016-12-10,2179
2016-12-08,42255
2016-12-09,2001
2016-12-07,35671
2016-12-08,1646
2016-12-06,34526
2016-12-07,1446
2016-12-05,34938
2016-12-06,1404
2016-12-04,35629
2016-12-05,1402
2016-12-03,36970
2016-12-04,1516
2016-12-02,38865
2016-12-03,1599
2016-12-01,34896
2016-12-02,1662
2016-11-30,27457
2016-12-01,1287
2016-11-29,29287
2016-11-30,1149
2016-11-28,33145
2016-11-29,1223
2016-11-27,37300
2016-11-28,1427
2016-11-26,34341
2016-11-27,1689
2016-11-25,30262
2016-11-26,1426
2016-11-24,26198
2016-11-25,1024
2016-11-23,34237
2016-11-24,1264
2016-11-22,38813
2016-11-23,1505
2016-11-21,40208
2016-11-22,1713
2016-11-20,37000
2016-11-21,1644
2016-11-19,31047
2016-11-20,1419
2016-11-18,27362
2016-11-19,1075
2016-11-17,29643
2016-11-18,1073
2016-11-16,30514
2016-11-17,1262
2016-11-15,32716
2016-11-16,1254
2016-11-14,33840
2016-11-15,1405
2016-11-13,33065
2016-11-14,1373
2016-11-12,31262
2016-11-13,1472
2016-11-11,30324
2016-11-12,1248
2016-11-10,31576
2016-11-11,1276
2016-11-09,28182
2016-11-10,1340
2016-11-08,28130
2016-11-09,1100
2016-11-07,28192
2016-11-08,1112
2016-11-06,28244
2016-11-07,1075
2016-11-05,26973
2016-11-06,1138
2016-11-04,26038
2016-11-05,1150
2016-11-03,26887
2016-11-04,1105
2016-11-02,26880
2016-11-03,1144
2016-11-01,27916
2016-11-02,1108
2016-10-31,26444
2016-11-01,1088
2016-10-30,25968
2016-10-31,1080
2016-10-29,26042
2016-10-30,1053
2016-10-28,26800
2016-10-29,1096
2016-10-27,24930
2016-10-28,991
2016-10-26,28304
2016-10-27,1089
2016-10-25,28266
2016-10-26,1154
2016-10-24,26856
2016-10-25,1013
2016-10-23,27019
2016-10-24,1042
2016-10-22,26423
2016-10-23,1174
2016-10-21,25866
2016-10-22,1118
2016-10-20,25909
2016-10-21,999
2016-10-19,29448
2016-10-20,1120
2016-10-18,30262
2016-10-19,1242
2016-10-17,28840
2016-10-18,1153
2016-10-16,26591
2016-10-17,1074
2016-10-15,25294
2016-10-16,1067
2016-10-14,25421
2016-10-15,1059
2016-10-13,23893
2016-10-14,975
2016-10-12,25210
2016-10-13,1000
2016-10-11,26976
2016-10-12,1055
2016-10-10,26589
2016-10-11,1066
2016-10-09,24771
2016-10-10,1053
2016-10-08,25089
2016-10-09,948
2016-10-07,28509
2016-10-08,1130
2016-10-06,27021
2016-10-07,1072
2016-10-05,27386
2016-10-06,1071
2016-10-04,28523
2016-10-05,1151
2016-10-03,27116
2016-10-04,1116
2016-10-02,25045
2016-10-03,1053
2016-10-01,24376
2016-10-02,1019
2016-09-30,23418
2016-10-01,981
2016-09-29,24291
2016-09-30,950
2016-09-28,26750
2016-09-29,1090
2016-09-27,26639
2016-09-28,1070
2016-09-26,29384
2016-09-27,1078
2016-09-25,34254
2016-09-26,1349
2016-09-24,34195
2016-09-25,1373
2016-09-23,34251
2016-09-24,1403
2016-09-22,32000
2016-09-23,1254
2016-09-21,31785
2016-09-22,1182
2016-09-20,33432
2016-09-21,1240
2016-09-19,33689
2016-09-20,1277
2016-09-18,31828
2016-09-19,1295
2016-09-17,31621
2016-09-18,1283
2016-09-16,35006
2016-09-17,1436
2016-09-15,32854
2016-09-16,1290
2016-09-14,33429
2016-09-15,1285
2016-09-13,33195
2016-09-14,1352
2016-09-12,31526
2016-09-13,1240
2016-09-11,30437
2016-09-12,1181
2016-09-10,35536
2016-09-11,1327
2016-09-09,36753
2016-09-10,1465
2016-09-08,37994
2016-09-09,1546
2016-09-07,36195
2016-09-08,1434
2016-09-06,36574
2016-09-07,1471
2016-09-05,33961
2016-09-06,1394
2016-09-04,31044
2016-09-05,1293
2016-09-03,29392
2016-09-04,1226
2016-09-02,28343
2016-09-03,1139
2016-09-01,32044
2016-09-02,1188
2016-08-31,35426
2016-09-01,1386
2016-08-30,36581
2016-08-31,1441
2016-08-29,35765
2016-08-30,1423
2016-08-28,35461
2016-08-29,1308
2016-08-27,39228
2016-08-28,1476
2016-08-26,40445
2016-08-27,1615
2016-08-25,40079
2016-08-26,1633
2016-08-24,34997
2016-08-25,1468
2016-08-23,32842
2016-08-24,1314
2016-08-22,32375
2016-08-23,1273
2016-08-21,32546
2016-08-22,1263
2016-08-20,32983
2016-08-21,1367
2016-08-19,35045
2016-08-20,1426
2016-08-18,34788
2016-08-19,1421
2016-08-17,34806
2016-08-18,1406
2016-08-16,37951
2016-08-17,1473
2016-08-15,39504
2016-08-16,1565
2016-08-14,38044
2016-08-15,1541
2016-08-13,39208
2016-08-14,1585
2016-08-12,41438
2016-08-13,1741
2016-08-11,40723
2016-08-12,1685
2016-08-10,39118
2016-08-11,1553
2016-08-09,39990
2016-08-10,1616
2016-08-08,37294
2016-08-09,1627
2016-08-07,36228
2016-08-08,1476
2016-08-06,35984
2016-08-07,1488
2016-08-05,37787
2016-08-06,1561
2016-08-04,37834
2016-08-05,1523
2016-08-03,36961
2016-08-04,1500
2016-08-02,37180
2016-08-03,1552
2016-08-01,36026
2016-08-02,1476
2016-07-31,35180
2016-08-01,1446
2016-07-30,35236
2016-07-31,1476
2016-07-29,35754
2016-07-30,1478
2016-07-28,35090
2016-07-29,1460
2016-07-27,40193
2016-07-28,1644
2016-07-26,40275
2016-07-27,1670
2016-07-25,41231
2016-07-26,1517
2016-07-24,40469
2016-07-25,1772
2016-07-23,39072
2016-07-24,1746
2016-07-22,38911
2016-07-23,1560
2016-07-21,40225
2016-07-22,1711
2016-07-20,39622
2016-07-21,1587
2016-07-19,39569
2016-07-20,1674
2016-07-18,36761
2016-07-19,1536
2016-07-17,36493
2016-07-18,1580
2016-07-16,34629
2016-07-17,1448
2016-07-15,36705
2016-07-16,1525
2016-07-14,37313
2016-07-15,1417
2016-07-13,37281
2016-07-14,1610
2016-07-12,34810
2016-07-13,1381
2016-07-11,37125
2016-07-12,1546
2016-07-10,33694
2016-07-11,1417
2016-07-09,34942
2016-07-10,1428
2016-07-08,33911
2016-07-09,1473
2016-07-07,33271
2016-07-08,1393
2016-07-06,36654
2016-07-07,1401
2016-07-05,34814
2016-07-06,1537
2016-07-04,30091
2016-07-05,1290
2016-07-03,29270
2016-07-04,1281
2016-07-02,31538
2016-07-03,1288
2016-07-01,32449
2016-07-02,1394
2016-06-30,31554
2016-07-01,1286
2016-06-29,32470
2016-06-30,1251
2016-06-28,37137
2016-06-29,1473
2016-06-27,37488
2016-06-28,1484
2016-06-26,37146
2016-06-27,1622
2016-06-25,35702
2016-06-26,1498
2016-06-24,35333
2016-06-25,1470
2016-06-23,39127
2016-06-24,1460
2016-06-22,34447
2016-06-23,1621
2016-06-21,37817
2016-06-22,1499
2016-06-20,36257
2016-06-21,1572
2016-06-19,33769
2016-06-20,1482
2016-06-18,33984
2016-06-19,1415
2016-06-17,32655
2016-06-18,1398
2016-06-16,37798
2016-06-17,1598
2016-06-15,36532
2016-06-16,1458
2016-06-14,36288
2016-06-15,1425
2016-06-13,36572
2016-06-14,1499
2016-06-12,35936
2016-06-13,1501
2016-06-11,34768
2016-06-12,1477
2016-06-10,32108
2016-06-11,1382
2016-06-09,30270
2016-06-10,1316
2016-06-08,28812
2016-06-09,1196
2016-06-07,30426
2016-06-08,1233
2016-06-06,32607
2016-06-07,1293
2016-06-05,30799
2016-06-06,1300
2016-06-04,31413
2016-06-05,1285
2016-06-03,33178
2016-06-04,1401
2016-06-02,31869
2016-06-03,1290
2016-06-01,35142
2016-06-02,1388
2016-05-31,33359
2016-06-01,1393
2016-05-30,32580
2016-05-31,1318
2016-05-29,31407
2016-05-30,1330
2016-05-28,31521
2016-05-29,1302
2016-05-27,32312
2016-05-28,1368
2016-05-26,29513
2016-05-27,1212
2016-05-25,29730
2016-05-26,1266
2016-05-24,29465
2016-05-25,1257
2016-05-23,28102
2016-05-24,1172
2016-05-22,26143
2016-05-23,1137
2016-05-21,25613
2016-05-22,1066
2016-05-20,26707
2016-05-21,1094
2016-05-19,26965
2016-05-20,1097
2016-05-18,26311
2016-05-19,1130
2016-05-17,28113
2016-05-18,1106
2016-05-16,28345
2016-05-17,1136
2016-05-15,26209
2016-05-16,1121
2016-05-14,25376
2016-05-15,1195
2016-05-13,27192
2016-05-14,1133
2016-05-12,29431
2016-05-13,1178
2016-05-11,29712
2016-05-12,1242
2016-05-10,27805
2016-05-11,1130
2016-05-09,27294
2016-05-10,1119
2016-05-08,25126
2016-05-09,1063
2016-05-07,26065
2016-05-08,1099
2016-05-06,27562
2016-05-07,1077
2016-05-05,29206
2016-05-06,1244
2016-05-04,26379
2016-05-05,1132
2016-05-03,26493
2016-05-04,1015
2016-05-02,26823
2016-05-03,1099
2016-05-01,26821
2016-05-02,1146
2016-04-30,25240
2016-05-01,1077
2016-04-29,26617
2016-04-30,1113
2016-04-28,28458
2016-04-29,1165
2016-04-27,27649
2016-04-28,1079
2016-04-26,29408
2016-04-27,1192
2016-04-25,28015
2016-04-26,1157
2016-04-24,25884
2016-04-25,1084
2016-04-23,24773
2016-04-24,1027
2016-04-22,25717
2016-04-23,1046
2016-04-21,27189
2016-04-22,1076
2016-04-20,27460
2016-04-21,1203
2016-04-19,27734
2016-04-20,1138
2016-04-18,28011
2016-04-19,1130
2016-04-17,26071
2016-04-18,1087
2016-04-16,25424
2016-04-17,1067
2016-04-15,26292
2016-04-16,1103
2016-04-14,27581
2016-04-15,1099
2016-04-13,29596
2016-04-14,1110
2016-04-12,28437
2016-04-13,1258
2016-04-11,28740
2016-04-12,1122
2016-04-10,33373
2016-04-11,1206
2016-04-09,35606
2016-04-10,1539
2016-04-08,34777
2016-04-09,1546
2016-04-07,31218
2016-04-08,1415
2016-04-06,31041
2016-04-07,1208
2016-04-05,31954
2016-04-06,1394
2016-04-04,28147
2016-04-05,1222
2016-04-03,30541
2016-04-04,1152
2016-04-02,27807
2016-04-03,1374
2016-04-01,25413
2016-04-02,1099
2016-03-31,26278
2016-04-01,1086
2016-03-30,28994
2016-03-31,1071
2016-03-29,29814
2016-03-30,1163
2016-03-28,27948
2016-03-29,1266
2016-03-27,25273
2016-03-28,1012
2016-03-26,30351
2016-03-27,1095
2016-03-25,29829
2016-03-26,1389
2016-03-24,26646
2016-03-25,1088
2016-03-23,27512
2016-03-24,1108
2016-03-22,32532
2016-03-23,1193
2016-03-21,34977
2016-03-22,1443
2016-03-20,32851
2016-03-21,1475
2016-03-19,29745
2016-03-20,1367
2016-03-18,28367
2016-03-19,1129
2016-03-17,27031
2016-03-18,1183
2016-03-16,24852
2016-03-17,1103
2016-03-15,26971
2016-03-16,1098
2016-03-14,26688
2016-03-15,1118
2016-03-13,24090
2016-03-14,1080
2016-03-12,25937
2016-03-13,994
2016-03-11,26462
2016-03-12,1122
2016-03-10,25440
2016-03-11,1093
2016-03-09,25169
2016-03-10,990
2016-03-08,28499
2016-03-09,1098
2016-03-07,32375
2016-03-08,1237
2016-03-06,34269
2016-03-07,1412
2016-03-05,38990
2016-03-06,1557
2016-03-04,39385
2016-03-05,1741
2016-03-03,42278
2016-03-04,1693
2016-03-02,39419
2016-03-03,1713
2016-03-01,34402
2016-03-02,1623
2016-02-29,30557
2016-03-01,1403
2016-02-28,31691
2016-02-29,1201
2016-02-27,36456
2016-02-28,1459
2016-02-26,40284
2016-02-27,1750
2016-02-25,42864
2016-02-26,1780
2016-02-24,32982
2016-02-25,1741
2016-02-23,32827
2016-02-24,1251
2016-02-22,34035
2016-02-23,1460
2016-02-21,27555
2016-02-22,1222
2016-02-20,28098
2016-02-21,1119
2016-02-19,34228
2016-02-20,1207
2016-02-18,40159
2016-02-19,1668
2016-02-17,43206
2016-02-18,1845
2016-02-16,43164
2016-02-17,1803
2016-02-15,46066
2016-02-16,1820
2016-02-14,54653
2016-02-15,2118
2016-02-13,50905
2016-02-14,2338
2016-02-12,48334
2016-02-13,2148
2016-02-11,49251
2016-02-12,2028
2016-02-10,55341
2016-02-11,2301
2016-02-09,51291
2016-02-10,2273
2016-02-08,40081
2016-02-09,1918
2016-02-07,37883
2016-02-08,1491
2016-02-06,39226
2016-02-07,1716
2016-02-05,42058
2016-02-06,1763
2016-02-04,37482
2016-02-05,1749
2016-02-03,27358
2016-02-04,1368
2016-02-02,33085
2016-02-03,1159
2016-02-01,31078
2016-02-02,1467
2016-01-31,29963
2016-02-01,1153
2016-01-30,36286
2016-01-31,1326
2016-01-29,39476
2016-01-30,1798
2016-01-28,44942
2016-01-29,1592
2016-01-27,42289
2016-01-28,2028
2016-01-26,39622
2016-01-27,1715
2016-01-25,44223
2016-01-26,1625
2016-01-24,51925
2016-01-25,2029
2016-01-23,49383
2016-01-24,2301
2016-01-22,51307
2016-01-23,2125
2016-01-21,50462
2016-01-22,2118
2016-01-20,51326
2016-01-21,1987
2016-01-19,56886
2016-01-20,2368
2016-01-18,59220
2016-01-19,2514
2016-01-17,44296
2016-01-18,2315
2016-01-16,40230
2016-01-17,1757
2016-01-15,36012
2016-01-16,1432
2016-01-14,37039
2016-01-15,1411
2016-01-13,50034
2016-01-14,1839
2016-01-12,46298
2016-01-13,2204
2016-01-11,52527
2016-01-12,1922
2016-01-10,44962
2016-01-11,2314
2016-01-09,32265
2016-01-10,1203
2016-01-08,33118
2016-01-09,1382
2016-01-07,37602
2016-01-08,1342
2016-01-06,42518
2016-01-07,1697
2016-01-05,45588
2016-01-06,1978
2016-01-04,42669
2016-01-05,1946
2016-01-03,38721
2016-01-04,1645
2016-01-02,38634
2016-01-03,1737
2016-01-01,35535
2016-01-02,1631
2017-12-31,58045
2018-01-01,2605
2017-12-30,47827
2017-12-31,2355
2017-12-29,48345
2017-12-30,1995
2017-12-28,55934
2017-12-29,2291
2017-12-27,51922
2017-12-28,2489
2017-12-26,44268
2017-12-27,1932
2017-12-25,43928
2017-12-26,1854
2017-12-24,37856
2017-12-25,1872
2017-12-23,32295
2017-12-24,1542
2017-12-22,30798
2017-12-23,1190
2017-12-21,35978
2017-12-22,1298
2017-12-20,34342
2017-12-21,1612
2017-12-19,33680
2017-12-20,1342
2017-12-18,35635
2017-12-19,1408
2017-12-17,38102
2017-12-18,1463
2017-12-16,39509
2017-12-17,1677
2017-12-15,44974
2017-12-16,1810
2017-12-14,42018
2017-12-15,1899
2017-12-13,46264
2017-12-14,1663
2017-12-12,43075
2017-12-13,2117
2017-12-11,40583
2017-12-12,1498
2017-12-10,45223
2017-12-11,1812
2017-12-09,47721
2017-12-10,2014
2017-12-08,46204
2017-12-09,2001
2017-12-07,43181
2017-12-08,1963
2017-12-06,41388
2017-12-07,1754
2017-12-05,32478
2017-12-06,1641
2017-12-04,33481
2017-12-05,1222
2017-12-03,34290
2017-12-04,1473
2017-12-02,32911
2017-12-03,1463
2017-12-01,32258
2017-12-02,1492
2017-11-30,31127
2017-12-01,1275
2017-11-29,30340
2017-11-30,1220
2017-11-28,30954
2017-11-29,1255
2017-11-27,34337
2017-11-28,1303
2017-11-26,34289
2017-11-27,1587
2017-11-25,29836
2017-11-26,1373
2017-11-24,34262
2017-11-25,1344
2017-11-23,38049
2017-11-24,1566
2017-11-22,37142
2017-11-23,1743
2017-11-21,35858
2017-11-22,1363
2017-11-20,40356
2017-11-21,1669
2017-11-19,35899
2017-11-20,1769
2017-11-18,28999
2017-11-19,1276
2017-11-17,34820
2017-11-18,1342
2017-11-16,34190
2017-11-17,1616
2017-11-15,36147
2017-11-16,1316
2017-11-14,33842
2017-11-15,1565
2017-11-13,34393
2017-11-14,1419
2017-11-12,31392
2017-11-13,1195
2017-11-11,37014
2017-11-12,1395
2017-11-10,35734
2017-11-11,1753
2017-11-09,32376
2017-11-10,1404
2017-11-08,31979
2017-11-09,1341
2017-11-07,30592
2017-11-08,1318
2017-11-06,27124
2017-11-07,1130
2017-11-05,26650
2017-11-06,1074
2017-11-04,25875
2017-11-05,1024
2017-11-03,26651
2017-11-04,1112
2017-11-02,26770
2017-11-03,1097
2017-11-01,30169
2017-11-02,1064
2017-10-31,32253
2017-11-01,1341
2017-10-30,36147
2017-10-31,1337
2017-10-29,35574
2017-10-30,1572
2017-10-28,31237
2017-10-29,1386
2017-10-27,26435
2017-10-28,1162
2017-10-26,29126
2017-10-27,1073
2017-10-25,30078
2017-10-26,1299
2017-10-24,27836
2017-10-25,1211
2017-10-23,25896
2017-10-24,1093
2017-10-22,24916
2017-10-23,1025
2017-10-21,24609
2017-10-22,1009
2017-10-20,26885
2017-10-21,1060
2017-10-19,26999
2017-10-20,1082
2017-10-18,27600
2017-10-19,1057
2017-10-17,27624
2017-10-18,1089
2017-10-16,25960
2017-10-17,1127
2017-10-15,26742
2017-10-16,1020
2017-10-14,27397
2017-10-15,1210
2017-10-13,27206
2017-10-14,1098
2017-10-12,26283
2017-10-13,1096
2017-10-11,28004
2017-10-12,1020
2017-10-10,29706
2017-10-11,1233
2017-10-09,31574
2017-10-10,1272
2017-10-08,28338
2017-10-09,1180
2017-10-07,29481
2017-10-08,1290
2017-10-06,29517
2017-10-07,1170
2017-10-05,29329
2017-10-06,1179
2017-10-04,29865
2017-10-05,1191
2017-10-03,29166
2017-10-04,1154
2017-10-02,27193
2017-10-03,1087
2017-10-01,25418
2017-10-02,1041
2017-09-30,25348
2017-10-01,1035
2017-09-29,27257
2017-09-30,1078
2017-09-28,29813
2017-09-29,1121
2017-09-27,32123
2017-09-28,1316
2017-09-26,33398
2017-09-27,1320
2017-09-25,32787
2017-09-26,1270
2017-09-24,32244
2017-09-25,1256
2017-09-23,32834
2017-09-24,1291
2017-09-22,34260
2017-09-23,1351
2017-09-21,34829
2017-09-22,1381
2017-09-20,33413
2017-09-21,1307
2017-09-19,31131
2017-09-20,1232
2017-09-18,33064
2017-09-19,1313
2017-09-17,31259
2017-09-18,1260
2017-09-16,29948
2017-09-17,1220
2017-09-15,28809
2017-09-16,1205
2017-09-14,27163
2017-09-15,1106
2017-09-13,25836
2017-09-14,1105
2017-09-12,27215
2017-09-13,1115
2017-09-11,26555
2017-09-12,1060
2017-09-10,26272
2017-09-11,1041
2017-09-09,26404
2017-09-10,1056
2017-09-08,27111
2017-09-09,1071
2017-09-07,26849
2017-09-08,1118
2017-09-06,26602
2017-09-07,1082
2017-09-05,29400
2017-09-06,1087
2017-09-04,30975
2017-09-05,1278
2017-09-03,26651
2017-09-04,1183
2017-09-02,25032
2017-09-03,1040
2017-09-01,27924
2017-09-02,1097
2017-08-31,32597
2017-09-01,1353
2017-08-30,32387
2017-08-31,1327
2017-08-29,31290
2017-08-30,1273
2017-08-28,29910
2017-08-29,1228
2017-08-27,29907
2017-08-28,1293
2017-08-26,28508
2017-08-27,1149
2017-08-25,28784
2017-08-26,1166
2017-08-24,30648
2017-08-25,1187
2017-08-23,32321
2017-08-24,1233
2017-08-22,36985
2017-08-23,1386
2017-08-21,37941
2017-08-22,1567
2017-08-20,36205
2017-08-21,1468
2017-08-19,34708
2017-08-20,1429
2017-08-18,37128
2017-08-19,1411
2017-08-17,39689
2017-08-18,1561
2017-08-16,38116
2017-08-17,1565
2017-08-15,37050
2017-08-16,1502
2017-08-14,33714
2017-08-15,1415
2017-08-13,32666
2017-08-14,1361
2017-08-12,33477
2017-08-13,1368
2017-08-11,33478
2017-08-12,1378
2017-08-10,34102
2017-08-11,1402
2017-08-09,32646
2017-08-10,1349
2017-08-08,31950
2017-08-09,1284
2017-08-07,30207
2017-08-08,1177
2017-08-06,28354
2017-08-07,1198
2017-08-05,28779
2017-08-06,1203
2017-08-04,32429
2017-08-05,1271
2017-08-03,34573
2017-08-04,1476
2017-08-02,35376
2017-08-03,1383
2017-08-01,34724
2017-08-02,1461
2017-07-31,35352
2017-08-01,1477
2017-07-30,31003
2017-07-31,1322
2017-07-29,31079
2017-07-30,1257
2017-07-28,34326
2017-07-29,1402
2017-07-27,37914
2017-07-28,1415
2017-07-26,36439
2017-07-27,1641
2017-07-25,37418
2017-07-26,1434
2017-07-24,38536
2017-07-25,1593
2017-07-23,37321
2017-07-24,1543
2017-07-22,41764
2017-07-23,1771
2017-07-21,41193
2017-07-22,1772
2017-07-20,40325
2017-07-21,1745
2017-07-19,39173
2017-07-20,1665
2017-07-18,38535
2017-07-19,1659
2017-07-17,36834
2017-07-18,1540
2017-07-16,34723
2017-07-17,1483
2017-07-15,35644
2017-07-16,1432
2017-07-14,38665
2017-07-15,1542
2017-07-13,40857
2017-07-14,1736
2017-07-12,38718
2017-07-13,1675
2017-07-11,36965
2017-07-12,1548
2017-07-10,36788
2017-07-11,1602
2017-07-09,33110
2017-07-10,1421
2017-07-08,33191
2017-07-09,1359
2017-07-07,35574
2017-07-08,1361
2017-07-06,31748
2017-07-07,1343
2017-07-05,33166
2017-07-06,1371
2017-07-04,30981
2017-07-05,1358
2017-07-03,33427
2017-07-04,1402
2017-07-02,34116
2017-07-03,1428
2017-07-01,34676
2017-07-02,1423
2017-06-30,36119
2017-07-01,1546
2017-06-29,34909
2017-06-30,1552
2017-06-28,30673
2017-06-29,1301
2017-06-27,30503
2017-06-28,1240
2017-06-26,30089
2017-06-27,1260
2017-06-25,29443
2017-06-26,1242
2017-06-24,31606
2017-06-25,1266
2017-06-23,33307
2017-06-24,1316
2017-06-22,31762
2017-06-23,1334
2017-06-21,33984
2017-06-22,1461
2017-06-20,34502
2017-06-21,1420
2017-06-19,34398
2017-06-20,1369
2017-06-18,34579
2017-06-19,1389
2017-06-17,35568
2017-06-18,1538
2017-06-16,35214
2017-06-17,1506
2017-06-15,34743
2017-06-16,1408
2017-06-14,35615
2017-06-15,1487
2017-06-13,37592
2017-06-14,1447
2017-06-12,37115
2017-06-13,1595
2017-06-11,32977
2017-06-12,1384
2017-06-10,30346
2017-06-11,1323
2017-06-09,27606
2017-06-10,1249
2017-06-08,25742
2017-06-09,1075
2017-06-07,27428
2017-06-08,1141
2017-06-06,30312
2017-06-07,1225
2017-06-05,31824
2017-06-06,1255
2017-06-04,31277
2017-06-05,1418
2017-06-03,31176
2017-06-04,1292
2017-06-02,31869
2017-06-03,1302
2017-06-01,31114
2017-06-02,1318
2017-05-31,31019
2017-06-01,1272
2017-05-30,31686
2017-05-31,1222
2017-05-29,29760
2017-05-30,1273
2017-05-28,27730
2017-05-29,1158
2017-05-27,30362
2017-05-28,1210
2017-05-26,28772
2017-05-27,1307
2017-05-25,27171
2017-05-26,1159
2017-05-24,25308
2017-05-25,1097
2017-05-23,27929
2017-05-24,1172
2017-05-22,28317
2017-05-23,1156
2017-05-21,29077
2017-05-22,1237
2017-05-20,33024
2017-05-21,1338
2017-05-19,32567
2017-05-20,1316
2017-05-18,34449
2017-05-19,1395
2017-05-17,33643
2017-05-18,1383
2017-05-16,32639
2017-05-17,1378
2017-05-15,30864
2017-05-16,1282
2017-05-14,27423
2017-05-15,1180
2017-05-13,26017
2017-05-14,1103
2017-05-12,26595
2017-05-13,1108
2017-05-11,29867
2017-05-12,1216
2017-05-10,30621
2017-05-11,1311
2017-05-09,27843
2017-05-10,1182
2017-05-08,28162
2017-05-09,1111
2017-05-07,28155
2017-05-08,1112
2017-05-06,28788
2017-05-07,1223
2017-05-05,27788
2017-05-06,1272
2017-05-04,26848
2017-05-05,1113
2017-05-03,25676
2017-05-04,1081
2017-05-02,26682
2017-05-03,1079
2017-05-01,28082
2017-05-02,1109
2017-04-30,30538
2017-05-01,1251
2017-04-29,30658
2017-04-30,1332
2017-04-28,27867
2017-04-29,1203
2017-04-27,28017
2017-04-28,1147
2017-04-26,29138
2017-04-27,1200
2017-04-25,27666
2017-04-26,1164
2017-04-24,27647
2017-04-25,1129
2017-04-23,28705
2017-04-24,1186
2017-04-22,26260
2017-04-23,1191
2017-04-21,27272
2017-04-22,1108
2017-04-20,29392
2017-04-21,1241
2017-04-19,26951
2017-04-20,1173
2017-04-18,26961
2017-04-19,1152
2017-04-17,27306
2017-04-18,1121
2017-04-16,26546
2017-04-17,1074
2017-04-15,27169
2017-04-16,1176
2017-04-14,27103
2017-04-15,1122
2017-04-13,27770
2017-04-14,1145
2017-04-12,27219
2017-04-13,1141
2017-04-11,26845
2017-04-12,1130
2017-04-10,26996
2017-04-11,1123
2017-04-09,27357
2017-04-10,981
2017-04-08,30068
2017-04-09,1149
2017-04-07,31908
2017-04-08,1358
2017-04-06,30358
2017-04-07,1439
2017-04-05,25651
2017-04-06,1062
2017-04-04,25948
2017-04-05,1073
2017-04-03,26792
2017-04-04,1078
2017-04-02,27681
2017-04-03,1109
2017-04-01,30003
2017-04-02,1267
2017-03-31,27239
2017-04-01,1246
2017-03-30,27558
2017-03-31,1117
2017-03-29,27557
2017-03-30,1125
2017-03-28,27369
2017-03-29,1108
2017-03-27,26951
2017-03-28,1108
2017-03-26,25266
2017-03-27,1083
2017-03-25,24777
2017-03-26,1065
2017-03-24,27931
2017-03-25,1102
2017-03-23,34027
2017-03-24,1187
2017-03-22,31726
2017-03-23,1543
2017-03-21,28704
2017-03-22,1072
2017-03-20,34653
2017-03-21,1215
2017-03-19,32904
2017-03-20,1418
2017-03-18,30929
2017-03-19,1414
2017-03-17,39538
2017-03-18,1382
2017-03-16,42748
2017-03-17,1742
2017-03-15,46724
2017-03-16,1954
2017-03-14,43212
2017-03-15,1975
2017-03-13,38592
2017-03-14,1580
2017-03-12,35942
2017-03-13,1651
2017-03-11,38258
2017-03-12,1691
2017-03-10,31545
2017-03-11,1603
2017-03-09,30907
2017-03-10,1154
2017-03-08,31692
2017-03-09,1335
2017-03-07,28997
2017-03-08,1317
2017-03-06,29610
2017-03-07,1143
2017-03-05,31774
2017-03-06,1175
2017-03-04,36571
2017-03-05,1445
2017-03-03,37604
2017-03-04,1753
2017-03-02,36002
2017-03-03,1613
2017-03-01,26739
2017-03-02,1382
2017-02-28,31910
2017-03-01,1169
2017-02-27,34076
2017-02-28,1413
2017-02-26,37248
2017-02-27,1472
2017-02-25,31341
2017-02-26,1683
2017-02-24,26876
2017-02-25,1074
2017-02-23,27022
2017-02-24,1113
2017-02-22,27343
2017-02-23,1117
2017-02-21,27818
2017-02-22,1112
2017-02-20,30701
2017-02-21,1165
2017-02-19,28581
2017-02-20,1207
2017-02-18,31321
2017-02-19,1273
2017-02-17,31984
2017-02-18,1266
2017-02-16,38720
2017-02-17,1574
2017-02-15,34492
2017-02-16,1666
2017-02-14,36057
2017-02-15,1380
2017-02-13,35635
2017-02-14,1598
2017-02-12,26219
2017-02-13,1337
2017-02-11,29204
2017-02-12,1090
2017-02-10,42367
2017-02-11,1367
2017-02-09,43980
2017-02-10,2085
2017-02-08,31660
2017-02-09,1555
2017-02-07,29573
2017-02-08,1194
2017-02-06,35322
2017-02-07,1214
2017-02-05,34174
2017-02-06,1479
2017-02-04,45626
2017-02-05,1669
2017-02-03,43545
2017-02-04,2060
2017-02-02,38258
2017-02-03,1766
2017-02-01,33602
2017-02-02,1384
2017-01-31,36071
2017-02-01,1439
2017-01-30,43110
2017-01-31,1772
2017-01-29,41044
2017-01-30,1838
2017-01-28,39820
2017-01-29,1578
2017-01-27,43216
2017-01-28,1749
2017-01-26,39014
2017-01-27,1720
2017-01-25,35266
2017-01-26,1254
2017-01-24,36050
2017-01-25,1568
2017-01-23,32408
2017-01-24,1428
2017-01-22,29116
2017-01-23,1186
2017-01-21,28993
2017-01-22,1204
2017-01-20,29720
2017-01-21,1220
2017-01-19,35032
2017-01-20,1298
2017-01-18,33242
2017-01-19,1506
2017-01-17,29578
2017-01-18,1263
2017-01-16,33316
2017-01-17,1200
2017-01-15,35095
2017-01-16,1449
2017-01-14,35121
2017-01-15,1427
2017-01-13,36403
2017-01-14,1553
2017-01-12,28613
2017-01-13,1246
2017-01-11,32943
2017-01-12,1200
2017-01-10,39649
2017-01-11,1361
2017-01-09,49809
2017-01-10,1845
2017-01-08,56658
2017-01-09,2369
2017-01-07,58133
2017-01-08,2615
2017-01-06,54640
2017-01-07,2462
2017-01-05,47173
2017-01-06,2095
2017-01-04,39837
2017-01-05,1956
2017-01-03,29699
2017-01-04,1353
2017-01-02,30434
2017-01-03,1152
2017-01-01,33115
2017-01-02,1322
2018-08-02,34420
2018-08-03,1448
2018-08-01,33353
2018-08-02,1418
2018-07-31,35018
2018-08-01,1451
2018-07-30,35260
2018-07-31,1404
2018-07-29,32990
2018-07-30,1401
2018-07-28,31674
2018-07-29,1332
2018-07-27,34936
2018-07-28,1352
2018-07-26,35570
2018-07-27,1527
2018-07-25,36483
2018-07-26,1439
2018-07-24,34604
2018-07-25,1480
2018-07-23,32737
2018-07-24,1365
2018-07-22,30881
2018-07-23,1235
2018-07-21,32475
2018-07-22,1365
2018-07-20,36077
2018-07-21,1352
2018-07-19,37136
2018-07-20,1633
2018-07-18,37437
2018-07-19,1494
2018-07-17,40624
2018-07-18,1569
2018-07-16,38911
2018-07-17,1631
2018-07-15,37566
2018-07-16,1562
2018-07-14,39069
2018-07-15,1679
2018-07-13,38154
2018-07-14,1606
2018-07-12,37620
2018-07-13,1536
2018-07-11,40450
2018-07-12,1578
2018-07-10,40434
2018-07-11,1744
2018-07-09,39653
2018-07-10,1694
2018-07-08,35258
2018-07-09,1564
2018-07-07,32549
2018-07-08,1344
2018-07-06,36844
2018-07-07,1444
2018-07-05,43150
2018-07-06,1722
2018-07-04,42058
2018-07-05,1825
2018-07-03,38937
2018-07-04,1677
2018-07-02,39634
2018-07-03,1615
2018-07-01,39218
2018-07-02,1596
2018-06-30,39518
2018-07-01,1729
2018-06-29,39678
2018-06-30,1672
2018-06-28,37045
2018-06-29,1545
2018-06-27,33819
2018-06-28,1438
2018-06-26,33375
2018-06-27,1271
2018-06-25,33827
2018-06-26,1411
2018-06-24,35223
2018-06-25,1528
2018-06-23,33045
2018-06-24,1436
2018-06-22,34434
2018-06-23,1369
2018-06-21,35682
2018-06-22,1486
2018-06-20,39731
2018-06-21,1610
2018-06-19,41965
2018-06-20,1708
2018-06-18,42611
2018-06-19,1780
2018-06-17,39054
2018-06-18,1674
2018-06-16,36452
2018-06-17,1606
2018-06-15,35470
2018-06-16,1471
2018-06-14,36874
2018-06-15,1389
2018-06-13,36097
2018-06-14,1450
2018-06-12,34555
2018-06-13,1393
2018-06-11,33639
2018-06-12,1383
2018-06-10,33904
2018-06-11,1354
2018-06-09,35472
2018-06-10,1443
2018-06-08,35911
2018-06-09,1497
2018-06-07,32997
2018-06-08,1375
2018-06-06,30556
2018-06-07,1282
2018-06-05,31561
2018-06-06,1313
2018-06-04,30698
2018-06-05,1239
2018-06-03,32953
2018-06-04,1281
2018-06-02,34446
2018-06-03,1451
2018-06-01,32173
2018-06-02,1396
2018-05-31,33872
2018-06-01,1289
2018-05-30,35597
2018-05-31,1467
2018-05-29,34859
2018-05-30,1505
2018-05-28,32927
2018-05-29,1322
2018-05-27,32988
2018-05-28,1352
2018-05-26,33401
2018-05-27,1380
2018-05-25,34426
2018-05-26,1431
2018-05-24,32231
2018-05-25,1362
2018-05-23,33581
2018-05-24,1361
2018-05-22,32752
2018-05-23,1289
2018-05-21,34822
2018-05-22,1379
2018-05-20,32951
2018-05-21,1383
2018-05-19,29819
2018-05-20,1246
2018-05-18,30720
2018-05-19,1246
2018-05-17,31816
2018-05-18,1319
2018-05-16,31963
2018-05-17,1249
2018-05-15,36601
2018-05-16,1437
2018-05-14,35987
2018-05-15,1477
2018-05-13,32703
2018-05-14,1333
2018-05-12,31945
2018-05-13,1330
2018-05-11,32115
2018-05-12,1338
2018-05-10,31402
2018-05-11,1312
2018-05-09,27933
2018-05-10,1247
2018-05-08,28292
2018-05-09,1152
2018-05-07,27549
2018-05-08,1131
2018-05-06,26228
2018-05-07,1064
2018-05-05,25778
2018-05-06,1069
2018-05-04,28539
2018-05-05,1184
2018-05-03,30268
2018-05-04,1297
2018-05-02,28702
2018-05-03,1276
2018-05-01,28451
2018-05-02,1177
2018-04-30,29616
2018-05-01,1116
2018-04-29,28342
2018-04-30,1186
2018-04-28,26474
2018-04-29,1173
2018-04-27,27530
2018-04-28,1115
2018-04-26,28303
2018-04-27,1169
2018-04-25,28222
2018-04-26,1186
2018-04-24,28567
2018-04-25,1145
2018-04-23,28103
2018-04-24,1189
2018-04-22,26700
2018-04-23,1072
2018-04-21,29054
2018-04-22,1101
2018-04-20,32668
2018-04-21,1297
2018-04-19,32211
2018-04-20,1520
2018-04-18,28954
2018-04-19,1133
2018-04-17,36495
2018-04-18,1293
2018-04-16,39856
2018-04-17,1811
2018-04-15,27473
2018-04-16,1321
2018-04-14,25702
2018-04-15,1091
2018-04-13,26826
2018-04-14,1134
2018-04-12,28803
2018-04-13,1159
2018-04-11,33680
2018-04-12,1237
2018-04-10,34249
2018-04-11,1493
2018-04-09,35368
2018-04-10,1430
2018-04-08,38314
2018-04-09,1500
2018-04-07,38870
2018-04-08,1759
2018-04-06,32282
2018-04-07,1331
2018-04-05,36931
2018-04-06,1449
2018-04-04,31720
2018-04-05,1654
2018-04-03,29391
2018-04-04,1073
2018-04-02,34712
2018-04-03,1362
2018-04-01,28505
2018-04-02,1305
2018-03-31,31258
2018-04-01,1160
2018-03-30,30363
2018-03-31,1432
2018-03-29,28116
2018-03-30,1194
2018-03-28,28790
2018-03-29,1126
2018-03-27,30559
2018-03-28,1183
2018-03-26,33244
2018-03-27,1297
2018-03-25,36744
2018-03-26,1472
2018-03-24,39384
2018-03-25,1704
2018-03-23,37639
2018-03-24,1440
2018-03-22,41242
2018-03-23,1731
2018-03-21,43936
2018-03-22,1838
2018-03-20,36646
2018-03-21,1733
2018-03-19,31402
2018-03-20,1292
2018-03-18,29077
2018-03-19,1238
2018-03-17,31469
2018-03-18,1191
2018-03-16,34255
2018-03-17,1403
2018-03-15,37110
2018-03-16,1383
2018-03-14,43524
2018-03-15,1829
2018-03-13,41842
2018-03-14,1805
2018-03-12,39752
2018-03-13,1668
2018-03-11,33691
2018-03-12,1580
2018-03-10,34882
2018-03-11,1461
2018-03-09,40278
2018-03-10,1552
2018-03-08,42601
2018-03-09,1880
2018-03-07,38352
2018-03-08,1682
2018-03-06,31148
2018-03-07,1373
2018-03-05,36367
2018-03-06,1371
2018-03-04,34813
2018-03-05,1496
2018-03-03,35212
2018-03-04,1532
2018-03-02,33892
2018-03-03,1592
2018-03-01,29811
2018-03-02,1397
2018-02-28,30427
2018-03-01,1197
2018-02-27,32449
2018-02-28,1226
2018-02-26,31003
2018-02-27,1321
2018-02-25,28450
2018-02-26,1285
2018-02-24,27066
2018-02-25,1080
2018-02-23,27544
2018-02-24,1076
2018-02-22,29131
2018-02-23,1268
2018-02-21,27158
2018-02-22,1165
2018-02-20,27271
2018-02-21,1112
2018-02-19,29694
2018-02-20,1147
2018-02-18,34944
2018-02-19,1424
2018-02-17,38235
2018-02-18,1530
2018-02-16,30360
2018-02-17,1520
2018-02-15,28240
2018-02-16,1161
2018-02-14,32111
2018-02-15,1200
2018-02-13,40878
2018-02-14,1475
2018-02-12,43091
2018-02-13,1874
2018-02-11,34080
2018-02-12,1618
2018-02-10,34019
2018-02-11,1416
2018-02-09,40575
2018-02-10,1450
2018-02-08,45316
2018-02-09,1896
2018-02-07,44321
2018-02-08,1977
2018-02-06,44677
2018-02-07,1757
2018-02-05,48489
2018-02-06,2026
2018-02-04,42130
2018-02-05,1966
2018-02-03,49725
2018-02-04,1765
2018-02-02,51569
2018-02-03,2418
2018-02-01,39188
2018-02-02,1955
2018-01-31,42987
2018-02-01,1557
2018-01-30,45571
2018-01-31,1998
2018-01-29,41874
2018-01-30,1927
2018-01-28,32406
2018-01-29,1573
2018-01-27,33238
2018-01-28,1289
2018-01-26,38625
2018-01-27,1538
2018-01-25,44537
2018-01-26,1765
2018-01-24,44208
2018-01-25,1995
2018-01-23,37776
2018-01-24,1757
2018-01-22,32067
2018-01-23,1299
2018-01-21,33017
2018-01-22,1257
2018-01-20,38531
2018-01-21,1506
2018-01-19,49444
2018-01-20,1899
2018-01-18,59635
2018-01-19,2272
2018-01-17,63333
2018-01-18,2822
2018-01-16,58780
2018-01-17,2827
2018-01-15,51190
2018-01-16,2060
2018-01-14,59478
2018-01-15,2474
2018-01-13,55216
2018-01-14,2596
2018-01-12,38544
2018-01-13,2133
2018-01-11,31201
2018-01-12,1251
2018-01-10,33532
2018-01-11,1289
2018-01-09,39442
2018-01-10,1569
2018-01-08,43931
2018-01-09,1705
2018-01-07,54363
2018-01-08,1848
2018-01-06,63636
2018-01-07,2740
2018-01-05,61896
2018-01-06,2841
2018-01-04,57234
2018-01-05,2621
2018-01-03,58790
2018-01-04,2247
2018-01-02,65512
2018-01-03,2821
2018-01-01,61565