Datetime,AEP_MW
2004-10-01,328544
2004-10-02,311997
2004-10-03,293450
2004-10-04,343417
2004-10-05,346553
2004-10-06,346195
2004-10-07,346786
2004-10-08,344408
2004-10-09,310429
2004-10-10,294249
2004-10-11,343194
2004-10-12,350758
2004-10-13,346906
2004-10-14,347616
2004-10-15,348881
2004-10-16,326465
2004-10-17,314364
2004-10-18,370216
2004-10-19,355375
2004-10-20,348466
2004-10-21,345066
2004-10-22,343467
2004-10-23,318119
2004-10-24,298528
2004-10-25,347439
2004-10-26,351691
2004-10-27,346772
2004-10-28,343864
2004-10-29,342247
2004-10-30,310183
2004-10-31,283428
2004-11-01,343730
2004-11-02,350023
2004-11-03,351589
2004-11-04,360449
2004-11-05,358413
2004-11-06,333626
2004-11-07,310646
2004-11-08,363449
2004-11-09,390415
2004-11-10,385039
2004-11-11,375946
2004-11-12,373488
2004-11-13,347094
2004-11-14,345870
2004-11-15,386507
2004-11-16,379207
2004-11-17,369128
2004-11-18,363325
2004-11-19,353355
2004-11-20,320367
2004-11-21,311510
2004-11-22,356843
2004-11-23,357029
2004-11-24,357410
2004-11-25,318622
2004-11-26,346471
2004-11-27,338821
2004-11-28,340210
2004-11-29,396844
2004-11-30,392491
2004-12-01,387942
2004-12-02,406903
2004-12-03,398031
2004-12-04,374692
2004-12-05,348679
2004-12-06,384356
2004-12-07,370514
2004-12-08,374612
2004-12-09,395409
2004-12-10,376503
2004-12-11,370583
2004-12-12,367592
2004-12-13,423812
2004-12-14,450103
2004-12-15,449526
2004-12-16,442765
2004-12-17,415679
2004-12-18,399082
2004-12-19,412499
2004-12-20,500753
2004-12-21,447715
2004-12-22,417517
2004-12-23,393186
2004-12-24,395302
2004-12-25,392990
2004-12-26,385755
2004-12-27,440413
2004-12-28,434784
2004-12-29,390743
2004-12-30,365830
2004-12-31,338594
2005-01-01,311897
2005-01-02,322712
2005-01-03,363937
2005-01-04,374003
2005-01-05,389445
2005-01-06,374851
2005-01-07,389679
2005-01-08,363338
2005-01-09,349828
2005-01-10,390332
2005-01-11,394250
2005-01-12,368065
2005-01-13,360620
2005-01-14,400007
2005-01-15,397533
2005-01-16,400928
2005-01-17,480699
2005-01-18,499350
2005-01-19,477819
2005-01-20,448482
2005-01-21,453776
2005-01-22,439113
2005-01-23,462987
2005-01-24,495527
2005-01-25,440343
2005-01-26,423651
2005-01-27,457276
2005-01-28,467588
2005-01-29,423902
2005-01-30,386106
2005-01-31,427070
2005-02-01,426925
2005-02-02,436545
2005-02-03,411274
2005-02-04,410829
2005-02-05,372899
2005-02-06,350214
2005-02-07,384542
2005-02-08,383904
2005-02-09,384398
2005-02-10,426095
2005-02-11,441762
2005-02-12,373987
2005-02-13,362694
2005-02-14,387979
2005-02-15,375974
2005-02-16,388959
2005-02-17,420808
2005-02-18,432196
2005-02-19,396286
2005-02-20,369545
2005-02-21,382247
2005-02-22,386806
2005-02-23,391467
2005-02-24,420623
2005-02-25,415019
2005-02-26,375256
2005-02-27,366052
2005-02-28,410460
2005-03-01,442300
2005-03-02,445522
2005-03-03,434906
2005-03-04,423921
2005-03-05,370053
2005-03-06,341937
2005-03-07,371327
2005-03-08,418298
2005-03-09,429768
2005-03-10,421636
2005-03-11,408397
2005-03-12,380530
2005-03-13,359374
2005-03-14,398975
2005-03-15,397627
2005-03-16,402127
2005-03-17,394746
2005-03-18,379773
2005-03-19,351729
2005-03-20,337025
2005-03-21,381706
2005-03-22,382930
2005-03-23,380088
2005-03-24,383810
2005-03-25,355178
2005-03-26,328211
2005-03-27,315459
2005-03-28,361071
2005-03-29,358743
2005-03-30,349440
2005-03-31,340895
2005-04-01,348358
2005-04-02,350010
2005-04-03,315021
2005-04-04,352225
2005-04-05,346789
2005-04-06,337256
2005-04-07,339447
2005-04-08,335421
2005-04-09,303655
2005-04-10,288786
2005-04-11,329595
2005-04-12,335568
2005-04-13,346691
2005-04-14,347106
2005-04-15,338782
2005-04-16,309685
2005-04-17,296710
2005-04-18,338772
2005-04-19,347358
2005-04-20,345837
2005-04-21,336195
2005-04-22,339327
2005-04-23,336324
2005-04-24,352867
2005-04-25,360068
2005-04-26,351312
2005-04-27,348692
2005-04-28,351963
2005-04-29,345491
2005-04-30,314001
2005-05-01,300874
2005-05-02,354829
2005-05-03,361948
2005-05-04,356279
2005-05-05,348558
2005-05-06,338772
2005-05-07,305282
2005-05-08,288499
2005-05-09,344112
2005-05-10,354265
2005-05-11,366216
2005-05-12,347610
2005-05-13,344416
2005-05-14,311363
2005-05-15,286320
2005-05-16,332366
2005-05-17,342444
2005-05-18,342162
2005-05-19,344802
2005-05-20,333687
2005-05-21,302452
2005-05-22,287690
2005-05-23,335285
2005-05-24,336577
2005-05-25,336957
2005-05-26,344745
2005-05-27,333854
2005-05-28,290557
2005-05-29,278378
2005-05-30,286890
2005-05-31,343505
2005-06-01,346510
2005-06-02,344445
2005-06-03,346486
2005-06-04,340616
2005-06-05,356258
2005-06-06,415076
2005-06-07,420704
2005-06-08,428397
2005-06-09,434067
2005-06-10,436952
2005-06-11,384188
2005-06-12,364683
2005-06-13,421104
2005-06-14,428099
2005-06-15,388172
2005-06-16,361964
2005-06-17,349232
2005-06-18,314140
2005-06-19,307076
2005-06-20,365023
2005-06-21,383697
2005-06-22,401150
2005-06-23,402661
2005-06-24,420651
2005-06-25,403889
2005-06-26,394028
2005-06-27,448727
2005-06-28,430341
2005-06-29,434576
2005-06-30,427328
2005-07-01,404738
2005-07-02,339327
2005-07-03,332765
2005-07-04,362180
2005-07-05,389212
2005-07-06,388065
2005-07-07,374750
2005-07-08,375850
2005-07-09,357909
2005-07-10,358837
2005-07-11,415891
2005-07-12,444915
2005-07-13,424092
2005-07-14,415286
2005-07-15,426952
2005-07-16,400153
2005-07-17,387354
2005-07-18,445250
2005-07-19,447460
2005-07-20,443041
2005-07-21,457496
2005-07-22,445456
2005-07-23,404277
2005-07-24,393616
2005-07-25,469403
2005-07-26,474872
2005-07-27,429020
2005-07-28,397594
2005-07-29,396678
2005-07-30,372003
2005-07-31,372280
2005-08-01,436974
2005-08-02,457263
2005-08-03,463564
2005-08-04,461301
2005-08-05,435623
2005-08-06,383906
2005-08-07,373055
2005-08-08,422208
2005-08-09,438006
2005-08-10,447699
2005-08-11,445092
2005-08-12,459700
2005-08-13,428651
2005-08-14,385583
2005-08-15,416698
2005-08-16,412849
2005-08-17,416776
2005-08-18,417203
2005-08-19,440174
2005-08-20,418745
2005-08-21,389952
2005-08-22,395979
2005-08-23,382012
2005-08-24,382523
2005-08-25,399709
2005-08-26,393721
2005-08-27,366925
2005-08-28,362769
2005-08-29,399219
2005-08-30,401061
2005-08-31,399871
2005-09-01,395822
2005-09-02,386720
2005-09-03,332377
2005-09-04,312416
2005-09-05,317458
2005-09-06,375495
2005-09-07,383266
2005-09-08,389250
2005-09-09,392656
2005-09-10,366139
2005-09-11,348879
2005-09-12,399674
2005-09-13,408238
2005-09-14,404751
2005-09-15,402433
2005-09-16,386946
2005-09-17,335940
2005-09-18,326917
2005-09-19,376112
2005-09-20,385641
2005-09-21,380541
2005-09-22,396209
2005-09-23,386067
2005-09-24,343673
2005-09-25,340685
2005-09-26,374467
2005-09-27,360674
2005-09-28,358896
2005-09-29,347962
2005-09-30,333638
2005-10-01,309256
2005-10-02,314965
2005-10-03,375920
2005-10-04,379934
2005-10-05,377712
2005-10-06,376695
2005-10-07,351175
2005-10-08,313422
2005-10-09,297060
2005-10-10,342009
2005-10-11,346761
2005-10-12,347238
2005-10-13,347589
2005-10-14,340694
2005-10-15,305352
2005-10-16,293034
2005-10-17,340378
2005-10-18,346173
2005-10-19,346923
2005-10-20,349982
2005-10-21,347825
2005-10-22,317641
2005-10-23,310175
2005-10-24,365040
2005-10-25,385098
2005-10-26,375814
2005-10-27,380432
2005-10-28,372445
2005-10-29,349270
2005-10-30,317912
2005-10-31,361443
2005-11-01,363353
2005-11-02,360321
2005-11-03,364267
2005-11-04,350840
2005-11-05,315664
2005-11-06,299186
2005-11-07,351704
2005-11-08,359526
2005-11-09,352072
2005-11-10,364094
2005-11-11,376206
2005-11-12,339359
2005-11-13,316789
2005-11-14,354692
2005-11-15,354985
2005-11-16,371029
2005-11-17,414618
2005-11-18,423583
2005-11-19,373603
2005-11-20,336863
2005-11-21,382119
2005-11-22,403456
2005-11-23,420407
2005-11-24,349408
2005-11-25,387293
2005-11-26,368740
2005-11-27,341479
2005-11-28,364119
2005-11-29,370635
2005-11-30,409905
2005-12-01,430796
2005-12-02,436351
2005-12-03,414389
2005-12-04,379256
2005-12-05,437855
2005-12-06,453853
2005-12-07,456877
2005-12-08,467785
2005-12-09,452759
2005-12-10,425317
2005-12-11,400208
2005-12-12,441971
2005-12-13,457519
2005-12-14,466054
2005-12-15,448645
2005-12-16,436673
2005-12-17,415524
2005-12-18,398894
2005-12-19,464775
2005-12-20,488300
2005-12-21,469584
2005-12-22,457519
2005-12-23,409696
2005-12-24,351715
2005-12-25,330187
2005-12-26,369544
2005-12-27,391897
2005-12-28,377614
2005-12-29,386272
2005-12-30,380603
2005-12-31,357718
2006-01-01,348838
2006-01-02,360979
2006-01-03,388440
2006-01-04,389390
2006-01-05,408358
2006-01-06,431726
2006-01-07,407393
2006-01-08,370067
2006-01-09,387682
2006-01-10,398395
2006-01-11,388405
2006-01-12,397572
2006-01-13,386520
2006-01-14,395799
2006-01-15,384663
2006-01-16,412237
2006-01-17,400122
2006-01-18,433470
2006-01-19,415599
2006-01-20,382507
2006-01-21,355687
2006-01-22,371655
2006-01-23,402586
2006-01-24,412101
2006-01-25,430900
2006-01-26,431851
2006-01-27,423470
2006-01-28,357557
2006-01-29,335489
2006-01-30,384415
2006-01-31,415045
2006-02-01,411584
2006-02-02,398624
2006-02-03,381134
2006-02-04,377256
2006-02-05,402668
2006-02-06,436134
2006-02-07,438578
2006-02-08,436268
2006-02-09,447289
2006-02-10,433006
2006-02-11,402222
2006-02-12,398679
2006-02-13,451697
2006-02-14,429076
2006-02-15,404210
2006-02-16,383585
2006-02-17,392269
2006-02-18,425126
2006-02-19,431750
2006-02-20,443250
2006-02-21,423670
2006-02-22,414933
2006-02-23,401053
2006-02-24,407845
2006-02-25,373407
2006-02-26,386402
2006-02-27,435404
2006-02-28,402052
2006-03-01,389386
2006-03-02,384306
2006-03-03,415885
2006-03-04,394652
2006-03-05,372974
2006-03-06,412950
2006-03-07,411752
2006-03-08,407145
2006-03-09,379094
2006-03-10,361214
2006-03-11,337331
2006-03-12,311747
2006-03-13,352736
2006-03-14,381343
2006-03-15,396602
2006-03-16,388690
2006-03-17,382352
2006-03-18,368448
2006-03-19,357005
2006-03-20,410734
2006-03-21,431024
2006-03-22,424612
2006-03-23,408957
2006-03-24,395546
2006-03-25,376411
2006-03-26,360207
2006-03-27,393959
2006-03-28,384176
2006-03-29,372636
2006-03-30,368676
2006-03-31,347885
2006-04-01,313081
2006-04-02,291915
2006-04-03,349918
2006-04-04,370394
2006-04-05,364534
2006-04-06,362727
2006-04-07,347174
2006-04-08,323846
2006-04-09,321908
2006-04-10,361106
2006-04-11,355186
2006-04-12,346275
2006-04-13,345373
2006-04-14,319779
2006-04-15,306219
2006-04-16,287606
2006-04-17,331195
2006-04-18,344811
2006-04-19,339811
2006-04-20,343921
2006-04-21,340320
2006-04-22,311190
2006-04-23,295618
2006-04-24,342238
2006-04-25,352629
2006-04-26,353492
2006-04-27,349389
2006-04-28,340485
2006-04-29,308039
2006-04-30,295875
2006-05-01,342829
2006-05-02,347072
2006-05-03,348066
2006-05-04,354599
2006-05-05,341392
2006-05-06,305821
2006-05-07,297606
2006-05-08,345867
2006-05-09,349019
2006-05-10,353403
2006-05-11,350393
2006-05-12,350871
2006-05-13,313018
2006-05-14,297550
2006-05-15,351131
2006-05-16,357330
2006-05-17,350074
2006-05-18,348420
2006-05-19,347413
2006-05-20,311573
2006-05-21,299369
2006-05-22,345677
2006-05-23,350624
2006-05-24,352672
2006-05-25,364354
2006-05-26,357443
2006-05-27,330561
2006-05-28,342581
2006-05-29,370833
2006-05-30,433241
2006-05-31,434437
2006-06-01,416367
2006-06-02,378735
2006-06-03,327711
2006-06-04,306925
2006-06-05,356233
2006-06-06,374386
2006-06-07,378423
2006-06-08,380631
2006-06-09,371758
2006-06-10,318502
2006-06-11,301023
2006-06-12,351506
2006-06-13,362194
2006-06-14,369929
2006-06-15,375245
2006-06-16,391288
2006-06-17,382807
2006-06-18,378980
2006-06-19,412413
2006-06-20,403754
2006-06-21,406022
2006-06-22,434194
2006-06-23,395050
2006-06-24,359096
2006-06-25,340436
2006-06-26,385568
2006-06-27,401253
2006-06-28,399627
2006-06-29,383832
2006-06-30,375957
2006-07-01,359994
2006-07-02,375419
2006-07-03,379592
2006-07-04,356900
2006-07-05,363894
2006-07-06,350618
2006-07-07,351687
2006-07-08,338887
2006-07-09,337546
2006-07-10,411942
2006-07-11,408620
2006-07-12,421369
2006-07-13,433707
2006-07-14,437991
2006-07-15,413870
2006-07-16,411164
2006-07-17,468884
2006-07-18,462310
2006-07-19,460132
2006-07-20,457773
2006-07-21,445669
2006-07-22,373484
2006-07-23,350127
2006-07-24,413637
2006-07-25,436772
2006-07-26,440464
2006-07-27,442513
2006-07-28,436894
2006-07-29,407419
2006-07-30,416248
2006-07-31,486331
2006-08-01,505299
2006-08-02,509608
2006-08-03,481260
2006-08-04,448970
2006-08-05,399378
2006-08-06,397276
2006-08-07,460413
2006-08-08,439063
2006-08-09,421745
2006-08-10,431655
2006-08-11,403015
2006-08-12,347447
2006-08-13,346361
2006-08-14,415432
2006-08-15,420092
2006-08-16,412868
2006-08-17,422837
2006-08-18,424308
2006-08-19,398700
2006-08-20,361817
2006-08-21,400309
2006-08-22,412243
2006-08-23,413204
2006-08-24,418171
2006-08-25,426344
2006-08-26,402090
2006-08-27,387747
2006-08-28,425296
2006-08-29,426136
2006-08-30,403215
2006-08-31,383447
2006-09-01,353033
2006-09-02,308052
2006-09-03,297139
2006-09-04,305104
2006-09-05,355172
2006-09-06,368476
2006-09-07,375565
2006-09-08,377154
2006-09-09,348024
2006-09-10,327510
2006-09-11,370418
2006-09-12,373239
2006-09-13,365435
2006-09-14,361722
2006-09-15,353522
2006-09-16,321200
2006-09-17,324762
2006-09-18,375827
2006-09-19,363511
2006-09-20,345642
2006-09-21,351718
2006-09-22,346968
2006-09-23,325361
2006-09-24,309663
2006-09-25,344466
2006-09-26,349743
2006-09-27,351331
2006-09-28,348167
2006-09-29,339129
2006-09-30,313189
2006-10-01,296689
2006-10-02,349972
2006-10-03,364654
2006-10-04,376701
2006-10-05,357761
2006-10-06,347462
2006-10-07,320175
2006-10-08,306088
2006-10-09,347907
2006-10-10,347288
2006-10-11,349283
2006-10-12,358231
2006-10-13,372606
2006-10-14,340778
2006-10-15,331250
2006-10-16,368446
2006-10-17,368010
2006-10-18,353273
2006-10-19,356445
2006-10-20,357912
2006-10-21,331785
2006-10-22,328866
2006-10-23,394802
2006-10-24,406294
2006-10-25,395207
2006-10-26,399848
2006-10-27,385141
2006-10-28,344494
2006-10-29,318789
2006-10-30,367522
2006-10-31,358632
2006-11-01,363556
2006-11-02,391943
2006-11-03,411866
2006-11-04,387457
2006-11-05,349029
2006-11-06,375759
2006-11-07,379118
2006-11-08,366042
2006-11-09,363403
2006-11-10,357430
2006-11-11,332649
2006-11-12,348696
2006-11-13,392151
2006-11-14,391061
2006-11-15,394743
2006-11-16,373653
2006-11-17,386270
2006-11-18,357707
2006-11-19,354395
2006-11-20,405447
2006-11-21,411993
2006-11-22,399186
2006-11-23,330096
2006-11-24,329850
2006-11-25,332515
2006-11-26,330286
2006-11-27,375670
2006-11-28,379322
2006-11-29,368492
2006-11-30,366833
2006-12-01,374035
2006-12-02,374771
2006-12-03,384318
2006-12-04,454176
2006-12-05,447730
2006-12-06,433734
2006-12-07,446681
2006-12-08,481777
2006-12-09,435303
2006-12-10,391103
2006-12-11,409618
2006-12-12,411115
2006-12-13,387759
2006-12-14,398592
2006-12-15,387993
2006-12-16,370736
2006-12-17,346486
2006-12-18,381579
2006-12-19,399899
2006-12-20,420747
2006-12-21,402543
2006-12-22,373006
2006-12-23,345200
2006-12-24,333010
2006-12-25,329257
2006-12-26,363633
2006-12-27,393083
2006-12-28,392068
2006-12-29,373445
2006-12-30,355686
2006-12-31,331091
2007-01-01,331745
2007-01-02,391954
2007-01-03,413659
2007-01-04,400691
2007-01-05,369396
2007-01-06,337960
2007-01-07,355484
2007-01-08,400553
2007-01-09,434046
2007-01-10,447078
2007-01-11,443252
2007-01-12,402097
2007-01-13,355846
2007-01-14,342036
2007-01-15,380212
2007-01-16,424905
2007-01-17,451827
2007-01-18,448322
2007-01-19,432955
2007-01-20,414980
2007-01-21,413967
2007-01-22,432623
2007-01-23,442256
2007-01-24,445900
2007-01-25,458752
2007-01-26,461614
2007-01-27,395563
2007-01-28,411627
2007-01-29,491154
2007-01-30,474098
2007-01-31,486086
2007-02-01,464433
2007-02-02,456898
2007-02-03,462575
2007-02-04,465614
2007-02-05,526420
2007-02-06,542682
2007-02-07,496663
2007-02-08,507734
2007-02-09,503385
2007-02-10,471756
2007-02-11,458274
2007-02-12,464060
2007-02-13,462001
2007-02-14,478497
2007-02-15,509666
2007-02-16,508402
2007-02-17,473004
2007-02-18,444164
2007-02-19,472559
2007-02-20,424050
2007-02-21,408724
2007-02-22,420545
2007-02-23,432585
2007-02-24,415991
2007-02-25,380581
2007-02-26,417175
2007-02-27,420692
2007-02-28,421941
2007-03-01,415435
2007-03-02,394906
2007-03-03,385897
2007-03-04,410802
2007-03-05,441253
2007-03-06,447155
2007-03-07,429820
2007-03-08,427299
2007-03-09,401527
2007-03-10,352738
2007-03-11,328958
2007-03-12,396505
2007-03-13,373158
2007-03-14,362535
2007-03-15,386957
2007-03-16,419459
2007-03-17,410896
2007-03-18,388755
2007-03-19,427019
2007-03-20,385249
2007-03-21,384370
2007-03-22,369878
2007-03-23,365455
2007-03-24,329815
2007-03-25,315959
2007-03-26,357566
2007-03-27,364077
2007-03-28,361328
2007-03-29,363632
2007-03-30,360955
2007-03-31,324125
2007-04-01,308898
2007-04-02,347773
2007-04-03,357179
2007-04-04,365722
2007-04-05,410268
2007-04-06,391112
2007-04-07,395722
2007-04-08,375283
2007-04-09,404718
2007-04-10,399515
2007-04-11,399202
2007-04-12,393866
2007-04-13,385188
2007-04-14,363715
2007-04-15,356020
2007-04-16,395310
2007-04-17,377550
2007-04-18,367263
2007-04-19,369964
2007-04-20,360528
2007-04-21,325013
2007-04-22,309123
2007-04-23,350606
2007-04-24,352789
2007-04-25,360382
2007-04-26,357136
2007-04-27,348063
2007-04-28,317885
2007-04-29,306636
2007-04-30,360461
2007-05-01,376672
2007-05-02,366469
2007-05-03,354870
2007-05-04,354135
2007-05-05,319547
2007-05-06,304486
2007-05-07,356444
2007-05-08,367231
2007-05-09,377711
2007-05-10,390758
2007-05-11,388322
2007-05-12,344445
2007-05-13,307038
2007-05-14,358538
2007-05-15,384303
2007-05-16,363236
2007-05-17,352155
2007-05-18,350155
2007-05-19,322976
2007-05-20,313355
2007-05-21,365131
2007-05-22,388367
2007-05-23,402844
2007-05-24,410626
2007-05-25,398156
2007-05-26,349757
2007-05-27,338073
2007-05-28,343684
2007-05-29,408886
2007-05-30,430360
2007-05-31,430176
2007-06-01,425604
2007-06-02,387378
2007-06-03,347665
2007-06-04,387107
2007-06-05,371485
2007-06-06,371300
2007-06-07,420371
2007-06-08,447639
2007-06-09,364992
2007-06-10,338685
2007-06-11,395634
2007-06-12,409944
2007-06-13,424359
2007-06-14,422397
2007-06-15,406838
2007-06-16,378260
2007-06-17,385746
2007-06-18,463796
2007-06-19,449242
2007-06-20,414050
2007-06-21,416434
2007-06-22,394329
2007-06-23,349768
2007-06-24,341699
2007-06-25,431930
2007-06-26,468067
2007-06-27,469975
2007-06-28,440047
2007-06-29,401149
2007-06-30,357505
2007-07-01,340973
2007-07-02,365926
2007-07-03,380385
2007-07-04,354464
2007-07-05,397727
2007-07-06,407595
2007-07-07,391821
2007-07-08,404407
2007-07-09,473645
2007-07-10,463156
2007-07-11,430542
2007-07-12,403442
2007-07-13,384543
2007-07-14,368386
2007-07-15,375626
2007-07-16,421551
2007-07-17,429025
2007-07-18,440728
2007-07-19,434958
2007-07-20,394267
2007-07-21,347248
2007-07-22,337758
2007-07-23,387698
2007-07-24,388641
2007-07-25,390126
2007-07-26,405574
2007-07-27,418745
2007-07-28,386164
2007-07-29,388898
2007-07-30,445122
2007-07-31,456162
2007-08-01,470867
2007-08-02,477320
2007-08-03,474400
2007-08-04,428588
2007-08-05,389396
2007-08-06,473635
2007-08-07,499600
2007-08-08,512529
2007-08-09,505474
2007-08-10,482577
2007-08-11,426373
2007-08-12,411305
2007-08-13,454362
2007-08-14,417723
2007-08-15,441045
2007-08-16,467843
2007-08-17,442441
2007-08-18,362351
2007-08-19,358831
2007-08-20,432106
2007-08-21,434831
2007-08-22,463530
2007-08-23,492141
2007-08-24,488208
2007-08-25,432467
2007-08-26,387295
2007-08-27,434129
2007-08-28,459293
2007-08-29,478130
2007-08-30,445284
2007-08-31,404191
2007-09-01,354832
2007-09-02,351148
2007-09-03,373810
2007-09-04,434941
2007-09-05,453807
2007-09-06,459549
2007-09-07,455236
2007-09-08,415004
2007-09-09,383941
2007-09-10,421174
2007-09-11,402227
2007-09-12,378250
2007-09-13,381354
2007-09-14,377401
2007-09-15,326779
2007-09-16,311392
2007-09-17,361166
2007-09-18,377337
2007-09-19,393789
2007-09-20,404102
2007-09-21,405898
2007-09-22,376056
2007-09-23,357316
2007-09-24,419166
2007-09-25,443633
2007-09-26,423664
2007-09-27,393793
2007-09-28,368911
2007-09-29,325191
2007-09-30,318168
2007-10-01,368283
2007-10-02,380805
2007-10-03,386360
2007-10-04,401597
2007-10-05,416016
2007-10-06,390839
2007-10-07,381834
2007-10-08,430495
2007-10-09,397286
2007-10-10,362954
2007-10-11,359507
2007-10-12,355709
2007-10-13,326398
2007-10-14,313467
2007-10-15,360013
2007-10-16,364752
2007-10-17,364316
2007-10-18,376675
2007-10-19,364686
2007-10-20,321018
2007-10-21,316081
2007-10-22,363623
2007-10-23,371471
2007-10-24,369258
2007-10-25,368367
2007-10-26,357959
2007-10-27,326555
2007-10-28,317910
2007-10-29,381305
2007-10-30,385261
2007-10-31,380160
2007-11-01,369259
2007-11-02,379065
2007-11-03,356286
2007-11-04,333336
2007-11-05,385147
2007-11-06,395042
2007-11-07,406015
2007-11-08,411771
2007-11-09,392976
2007-11-10,368689
2007-11-11,369400
2007-11-12,378024
2007-11-13,376558
2007-11-14,374271
2007-11-15,405689
2007-11-16,417486
2007-11-17,382687
2007-11-18,361327
2007-11-19,393556
2007-11-20,371346
2007-11-21,366313
2007-11-22,323263
2007-11-23,364940
2007-11-24,386065
2007-11-25,371085
2007-11-26,400999
2007-11-27,410264
2007-11-28,431777
2007-11-29,425747
2007-11-30,434897
2007-12-01,411069
2007-12-02,383849
2007-12-03,443832
2007-12-04,466909
2007-12-05,470863
2007-12-06,478023
2007-12-07,460911
2007-12-08,401412
2007-12-09,383898
2007-12-10,409728
2007-12-11,402839
2007-12-12,402553
2007-12-13,422279
2007-12-14,426661
2007-12-15,425783
2007-12-16,422401
2007-12-17,487331
2007-12-18,478012
2007-12-19,445464
2007-12-20,450564
2007-12-21,427853
2007-12-22,383534
2007-12-23,372688
2007-12-24,391650
2007-12-25,359320
2007-12-26,392391
2007-12-27,401973
2007-12-28,408350
2007-12-29,375684
2007-12-30,386526
2007-12-31,387882
2008-01-01,398339
2008-01-02,498796
2008-01-03,506007
2008-01-04,485169
2008-01-05,422258
2008-01-06,364683
2008-01-07,380332
2008-01-08,382776
2008-01-09,384699
2008-01-10,423495
2008-01-11,407321
2008-01-12,385182
2008-01-13,389264
2008-01-14,454168
2008-01-15,473916
2008-01-16,474639
2008-01-17,456261
2008-01-18,443842
2008-01-19,442728
2008-01-20,482394
2008-01-21,508562
2008-01-22,481382
2008-01-23,475369
2008-01-24,500733
2008-01-25,512328
2008-01-26,443825
2008-01-27,412040
2008-01-28,451902
2008-01-29,426881
2008-01-30,464454
2008-01-31,485873
2008-02-01,451598
2008-02-02,411443
2008-02-03,392433
2008-02-04,413980
2008-02-05,393523
2008-02-06,393195
2008-02-07,430400
2008-02-08,424224
2008-02-09,388675
2008-02-10,422592
2008-02-11,499943
2008-02-12,481055
2008-02-13,470345
2008-02-14,473833
2008-02-15,437399
2008-02-16,395031
2008-02-17,371008
2008-02-18,421018
2008-02-19,473830
2008-02-20,474279
2008-02-21,488068
2008-02-22,453209
2008-02-23,412311
2008-02-24,413711
2008-02-25,441733
2008-02-26,445298
2008-02-27,482898
2008-02-28,484200
2008-02-29,463364
2008-03-01,397635
2008-03-02,376895
2008-03-03,387480
2008-03-04,407110
2008-03-05,430559
2008-03-06,425435
2008-03-07,435908
2008-03-08,431613
2008-03-09,399129
2008-03-10,427826
2008-03-11,419204
2008-03-12,411095
2008-03-13,397460
2008-03-14,385117
2008-03-15,365843
2008-03-16,364898
2008-03-17,421245
2008-03-18,408422
2008-03-19,394162
2008-03-20,404741
2008-03-21,387359
2008-03-22,363381
2008-03-23,363070
2008-03-24,419339
2008-03-25,427582
2008-03-26,385202
2008-03-27,388177
2008-03-28,386217
2008-03-29,370747
2008-03-30,364092
2008-03-31,386797
2008-04-01,371968
2008-04-02,378728
2008-04-03,398088
2008-04-04,382932
2008-04-05,344254
2008-04-06,330234
2008-04-07,366248
2008-04-08,368415
2008-04-09,361323
2008-04-10,368727
2008-04-11,357171
2008-04-12,331915
2008-04-13,345226
2008-04-14,398732
2008-04-15,393991
2008-04-16,383336
2008-04-17,370876
2008-04-18,357124
2008-04-19,321856
2008-04-20,316218
2008-04-21,358036
2008-04-22,360916
2008-04-23,360034
2008-04-24,362389
2008-04-25,362630
2008-04-26,326045
2008-04-27,307964
2008-04-28,355422
2008-04-29,376905
2008-04-30,373867
2008-05-01,359444
2008-05-02,356163
2008-05-03,322541
2008-05-04,307761
2008-05-05,354290
2008-05-06,360114
2008-05-07,365251
2008-05-08,365630
2008-05-09,355760
2008-05-10,321137
2008-05-11,312683
2008-05-12,364785
2008-05-13,364359
2008-05-14,359530
2008-05-15,360505
2008-05-16,356249
2008-05-17,325216
2008-05-18,307334
2008-05-19,355113
2008-05-20,359841
2008-05-21,358918
2008-05-22,362426
2008-05-23,350647
2008-05-24,311783
2008-05-25,303794
2008-05-26,320645
2008-05-27,373386
2008-05-28,358075
2008-05-29,365777
2008-05-30,376615
2008-05-31,364483
2008-06-01,340224
2008-06-02,383720
2008-06-03,380683
2008-06-04,400348
2008-06-05,441972
2008-06-06,466555
2008-06-07,418479
2008-06-08,423020
2008-06-09,479224
2008-06-10,443538
2008-06-11,428194
2008-06-12,448024
2008-06-13,451413
2008-06-14,386753
2008-06-15,370480
2008-06-16,407377
2008-06-17,381741
2008-06-18,370231
2008-06-19,378454
2008-06-20,387077
2008-06-21,365408
2008-06-22,344479
2008-06-23,387598
2008-06-24,398139
2008-06-25,408524
2008-06-26,439080
2008-06-27,433397
2008-06-28,395710
2008-06-29,357902
2008-06-30,367110
2008-07-01,370586
2008-07-02,386560
2008-07-03,381720
2008-07-04,330452
2008-07-05,339681
2008-07-06,363353
2008-07-07,434808
2008-07-08,441240
2008-07-09,427441
2008-07-10,414773
2008-07-11,430906
2008-07-12,415887
2008-07-13,382264
2008-07-14,411525
2008-07-15,420987
2008-07-16,444898
2008-07-17,462029
2008-07-18,455937
2008-07-19,422336
2008-07-20,420640
2008-07-21,465361
2008-07-22,454481
2008-07-23,418997
2008-07-24,411316
2008-07-25,413786
2008-07-26,408951
2008-07-27,389601
2008-07-28,423451
2008-07-29,457300
2008-07-30,464301
2008-07-31,459943
2008-08-01,457990
2008-08-02,413633
2008-08-03,383303
2008-08-04,433897
2008-08-05,441166
2008-08-06,451930
2008-08-07,431252
2008-08-08,398715
2008-08-09,359710
2008-08-10,343329
2008-08-11,381335
2008-08-12,394845
2008-08-13,399891
2008-08-14,404054
2008-08-15,395176
2008-08-16,361255
2008-08-17,356260
2008-08-18,415489
2008-08-19,429640
2008-08-20,420605
2008-08-21,434888
2008-08-22,441557
2008-08-23,407527
2008-08-24,398520
2008-08-25,420041
2008-08-26,403646
2008-08-27,395065
2008-08-28,391009
2008-08-29,412382
2008-08-30,381842
2008-08-31,365763
2008-09-01,373885
2008-09-02,438876
2008-09-03,452888
2008-09-04,446485
2008-09-05,420096
2008-09-06,369835
2008-09-07,346908
2008-09-08,398503
2008-09-09,386776
2008-09-10,373109
2008-09-11,385910
2008-09-12,403545
2008-09-13,400799
2008-09-14,382609
2008-09-15,357879
2008-09-16,356374
2008-09-17,367853
2008-09-18,374659
2008-09-19,368256
2008-09-20,343945
2008-09-21,336655
2008-09-22,381643
2008-09-23,382271
2008-09-24,377873
2008-09-25,376078
2008-09-26,361703
2008-09-27,333187
2008-09-28,325566
2008-09-29,368547
2008-09-30,362199
2008-10-01,348947
2008-10-02,355812
2008-10-03,353884
2008-10-04,321511
2008-10-05,314055
2008-10-06,356948
2008-10-07,359856
2008-10-08,361974
2008-10-09,359982
2008-10-10,353131
2008-10-11,326117
2008-10-12,315565
2008-10-13,360760
2008-10-14,367207
2008-10-15,369866
2008-10-16,357549
2008-10-17,347953
2008-10-18,324894
2008-10-19,329918
2008-10-20,385918
2008-10-21,374250
2008-10-22,386187
2008-10-23,389127
2008-10-24,375242
2008-10-25,338164
2008-10-26,329536
2008-10-27,391483
2008-10-28,417242
2008-10-29,411686
2008-10-30,407667
2008-10-31,383758
2008-11-01,339393
2008-11-02,311100
2008-11-03,360763
2008-11-04,365310
2008-11-05,364502
2008-11-06,361627
2008-11-07,356421
2008-11-08,339488
2008-11-09,354965
2008-11-10,402139
2008-11-11,416906
2008-11-12,392681
2008-11-13,378452
2008-11-14,362774
2008-11-15,349817
2008-11-16,376522
2008-11-17,429176
2008-11-18,449533
2008-11-19,461846
2008-11-20,434855
2008-11-21,451310
2008-11-22,440381
2008-11-23,410788
2008-11-24,435096
2008-11-25,433845
2008-11-26,422667
2008-11-27,368092
2008-11-28,361384
2008-11-29,375765
2008-11-30,382584
2008-12-01,432972
2008-12-02,459000
2008-12-03,452436
2008-12-04,437586
2008-12-05,464975
2008-12-06,463250
2008-12-07,440243
2008-12-08,468355
2008-12-09,432341
2008-12-10,412333
2008-12-11,437273
2008-12-12,449962
2008-12-13,436739
2008-12-14,392892
2008-12-15,405821
2008-12-16,451442
2008-12-17,434238
2008-12-18,430661
2008-12-19,405949
2008-12-20,391519
2008-12-21,415635
2008-12-22,510556
2008-12-23,473661
2008-12-24,374460
2008-12-25,355087
2008-12-26,384580
2008-12-27,327542
2008-12-28,323125
2008-12-29,384074
2008-12-30,385363
2008-12-31,403698
2009-01-01,405996
2009-01-02,390020
2009-01-03,384681
2009-01-04,359141
2009-01-05,401193
2009-01-06,427158
2009-01-07,430369
2009-01-08,458151
2009-01-09,448974
2009-01-10,408351
2009-01-11,400732
2009-01-12,446758
2009-01-13,460655
2009-01-14,487658
2009-01-15,510307
2009-01-16,548349
2009-01-17,509470
2009-01-18,426798
2009-01-19,468804
2009-01-20,507207
2009-01-21,510391
2009-01-22,468559
2009-01-23,424412
2009-01-24,411605
2009-01-25,446370
2009-01-26,468784
2009-01-27,470626
2009-01-28,442724
2009-01-29,451198
2009-01-30,457349
2009-01-31,445060
2009-02-01,384284
2009-02-02,427742
2009-02-03,463666
2009-02-04,505324
2009-02-05,508463
2009-02-06,455755
2009-02-07,374302
2009-02-08,341057
2009-02-09,401100
2009-02-10,383030
2009-02-11,363273
2009-02-12,376359
2009-02-13,385393
2009-02-14,369171
2009-02-15,365626
2009-02-16,421807
2009-02-17,431737
2009-02-18,403748
2009-02-19,435073
2009-02-20,449283
2009-02-21,410806
2009-02-22,410248
2009-02-23,462982
2009-02-24,452856
2009-02-25,410982
2009-02-26,375461
2009-02-27,363155
2009-02-28,381728
2009-03-01,400210
2009-03-02,467418
2009-03-03,472931
2009-03-04,438653
2009-03-05,398350
2009-03-06,348570
2009-03-07,309268
2009-03-08,291398
2009-03-09,347895
2009-03-10,359115
2009-03-11,358422
2009-03-12,403963
2009-03-13,398824
2009-03-14,365059
2009-03-15,333581
2009-03-16,358785
2009-03-17,354410
2009-03-18,344938
2009-03-19,347953
2009-03-20,367456
2009-03-21,343958
2009-03-22,321431
2009-03-23,353198
2009-03-24,356697
2009-03-25,355735
2009-03-26,352441
2009-03-27,342557
2009-03-28,307764
2009-03-29,314406
2009-03-30,361073
2009-03-31,360643
2009-04-01,338413
2009-04-02,343312
2009-04-03,339453
2009-04-04,318318
2009-04-05,307424
2009-04-06,359452
2009-04-07,403756
2009-04-08,379941
2009-04-09,352583
2009-04-10,318529
2009-04-11,301422
2009-04-12,298132
2009-04-13,349269
2009-04-14,355230
2009-04-15,359814
2009-04-16,343303
2009-04-17,328953
2009-04-18,291933
2009-04-19,283298
2009-04-20,335157
2009-04-21,350450
2009-04-22,355831
2009-04-23,344063
2009-04-24,327243
2009-04-25,304615
2009-04-26,307342
2009-04-27,353194
2009-04-28,345647
2009-04-29,332928
2009-04-30,332734
2009-05-01,324805
2009-05-02,287295
2009-05-03,279603
2009-05-04,321402
2009-05-05,323862
2009-05-06,325809
2009-05-07,325733
2009-05-08,319391
2009-05-09,289597
2009-05-10,273461
2009-05-11,316989
2009-05-12,325214
2009-05-13,329920
2009-05-14,332723
2009-05-15,330639
2009-05-16,306755
2009-05-17,278246
2009-05-18,323880
2009-05-19,331921
2009-05-20,334059
2009-05-21,346510
2009-05-22,347292
2009-05-23,315480
2009-05-24,308902
2009-05-25,300587
2009-05-26,351231
2009-05-27,365354
2009-05-28,360578
2009-05-29,336219
2009-05-30,299869
2009-05-31,291343
2009-06-01,336176
2009-06-02,363584
2009-06-03,344078
2009-06-04,328310
2009-06-05,319460
2009-06-06,299579
2009-06-07,308388
2009-06-08,368567
2009-06-09,384758
2009-06-10,358127
2009-06-11,352316
2009-06-12,343174
2009-06-13,317170
2009-06-14,312076
2009-06-15,360690
2009-06-16,363123
2009-06-17,369189
2009-06-18,371689
2009-06-19,387077
2009-06-20,374959
2009-06-21,355542
2009-06-22,396187
2009-06-23,405715
2009-06-24,414401
2009-06-25,421736
2009-06-26,408822
2009-06-27,365944
2009-06-28,345351
2009-06-29,358614
2009-06-30,343423
2009-07-01,330910
2009-07-02,311164
2009-07-03,292845
2009-07-04,285191
2009-07-05,292043
2009-07-06,353728
2009-07-07,366553
2009-07-08,363811
2009-07-09,367365
2009-07-10,374806
2009-07-11,351386
2009-07-12,338478
2009-07-13,373954
2009-07-14,368401
2009-07-15,376665
2009-07-16,406781
2009-07-17,373063
2009-07-18,309039
2009-07-19,298527
2009-07-20,347476
2009-07-21,368487
2009-07-22,364998
2009-07-23,368442
2009-07-24,369371
2009-07-25,329883
2009-07-26,324704
2009-07-27,386023
2009-07-28,402173
2009-07-29,382928
2009-07-30,376369
2009-07-31,379234
2009-08-01,343587
2009-08-02,334149
2009-08-03,371032
2009-08-04,377428
2009-08-05,369536
2009-08-06,372512
2009-08-07,363634
2009-08-08,350996
2009-08-09,392187
2009-08-10,437812
2009-08-11,419661
2009-08-12,398640
2009-08-13,398152
2009-08-14,404228
2009-08-15,384702
2009-08-16,391125
2009-08-17,429740
2009-08-18,417878
2009-08-19,414216
2009-08-20,416639
2009-08-21,399086
2009-08-22,335422
2009-08-23,306142
2009-08-24,360971
2009-08-25,386429
2009-08-26,400613
2009-08-27,401475
2009-08-28,377108
2009-08-29,341963
2009-08-30,306978
2009-08-31,339001
2009-09-01,343601
2009-09-02,349415
2009-09-03,354999
2009-09-04,353252
2009-09-05,320028
2009-09-06,306706
2009-09-07,315427
2009-09-08,360570
2009-09-09,367477
2009-09-10,362516
2009-09-11,353126
2009-09-12,317652
2009-09-13,304275
2009-09-14,361498
2009-09-15,373745
2009-09-16,360228
2009-09-17,349237
2009-09-18,347150
2009-09-19,315212
2009-09-20,303463
2009-09-21,359937
2009-09-22,377858
2009-09-23,383529
2009-09-24,372484
2009-09-25,343107
2009-09-26,310354
2009-09-27,294752
2009-09-28,327882
2009-09-29,332007
2009-09-30,334762
2009-10-01,334744
2009-10-02,327595
2009-10-03,297418
2009-10-04,289971
2009-10-05,327241
2009-10-06,335705
2009-10-07,328402
2009-10-08,338775
2009-10-09,337849
2009-10-10,304882
2009-10-11,299485
2009-10-12,339682
2009-10-13,337542
2009-10-14,355355
2009-10-15,359134
2009-10-16,353056
2009-10-17,336852
2009-10-18,330401
2009-10-19,366257
2009-10-20,354810
2009-10-21,345334
2009-10-22,338209
2009-10-23,332120
2009-10-24,310801
2009-10-25,312181
2009-10-26,348783
2009-10-27,351622
2009-10-28,343028
2009-10-29,338478
2009-10-30,331384
2009-10-31,303020
2009-11-01,296063
2009-11-02,354715
2009-11-03,359667
2009-11-04,375902
2009-11-05,365930
2009-11-06,365723
2009-11-07,331005
2009-11-08,305602
2009-11-09,343160
2009-11-10,351703
2009-11-11,355143
2009-11-12,370206
2009-11-13,356102
2009-11-14,318293
2009-11-15,304932
2009-11-16,349888
2009-11-17,353937
2009-11-18,355291
2009-11-19,358144
2009-11-20,357705
2009-11-21,339050
2009-11-22,336695
2009-11-23,363922
2009-11-24,354215
2009-11-25,348868
2009-11-26,315576
2009-11-27,342792
2009-11-28,343622
2009-11-29,326637
2009-11-30,371788
2009-12-01,395009
2009-12-02,395079
2009-12-03,382420
2009-12-04,396268
2009-12-05,399926
2009-12-06,401727
2009-12-07,432991
2009-12-08,428191
2009-12-09,403462
2009-12-10,455826
2009-12-11,465169
2009-12-12,426571
2009-12-13,381760
2009-12-14,387364
2009-12-15,399158
2009-12-16,436508
2009-12-17,441614
2009-12-18,428472
2009-12-19,385592
2009-12-20,380776
2009-12-21,414316
2009-12-22,415152
2009-12-23,414158
2009-12-24,374658
2009-12-25,343427
2009-12-26,355326
2009-12-27,373625
2009-12-28,433256
2009-12-29,433520
2009-12-30,431411
2009-12-31,392301
2010-01-01,392893
2010-01-02,445214
2010-01-03,463879
2010-01-04,490953
2010-01-05,490655
2010-01-06,481835
2010-01-07,478704
2010-01-08,491789
2010-01-09,460158
2010-01-10,453347
2010-01-11,491525
2010-01-12,466064
2010-01-13,464761
2010-01-14,443720
2010-01-15,416051
2010-01-16,381146
2010-01-17,365470
2010-01-18,401156
2010-01-19,407724
2010-01-20,410570
2010-01-21,423397
2010-01-22,404249
2010-01-23,365530
2010-01-24,356677
2010-01-25,390568
2010-01-26,445509
2010-01-27,446333
2010-01-28,434887
2010-01-29,464957
2010-01-30,453339
2010-01-31,431667
2010-02-01,448070
2010-02-02,433640
2010-02-03,423501
2010-02-04,428330
2010-02-05,433660
2010-02-06,406954
2010-02-07,412137
2010-02-08,452311
2010-02-09,450678
2010-02-10,480286
2010-02-11,460963
2010-02-12,449251
2010-02-13,427062
2010-02-14,407546
2010-02-15,453997
2010-02-16,470448
2010-02-17,453561
2010-02-18,442857
2010-02-19,419365
2010-02-20,397473
2010-02-21,366070
2010-02-22,404170
2010-02-23,409840
2010-02-24,423467
2010-02-25,454893
2010-02-26,455717
2010-02-27,412993
2010-02-28,391937
2010-03-01,411568
2010-03-02,430479
2010-03-03,431264
2010-03-04,417673
2010-03-05,416430
2010-03-06,382164
2010-03-07,362357
2010-03-08,375891
2010-03-09,372656
2010-03-10,355736
2010-03-11,356401
2010-03-12,342567
2010-03-13,333161
2010-03-14,322628
2010-03-15,377795
2010-03-16,370537
2010-03-17,359931
2010-03-18,352418
2010-03-19,346851
2010-03-20,318488
2010-03-21,305984
2010-03-22,357094
2010-03-23,381089
2010-03-24,362072
2010-03-25,359397
2010-03-26,374733
2010-03-27,354093
2010-03-28,332857
2010-03-29,362756
2010-03-30,361578
2010-03-31,354140
2010-04-01,336000
2010-04-02,311995
2010-04-03,287067
2010-04-04,277612
2010-04-05,327842
2010-04-06,346694
2010-04-07,344228
2010-04-08,336666
2010-04-09,338974
2010-04-10,317712
2010-04-11,297772
2010-04-12,333289
2010-04-13,335327
2010-04-14,334580
2010-04-15,340959
2010-04-16,329309
2010-04-17,297780
2010-04-18,299490
2010-04-19,332892
2010-04-20,330345
2010-04-21,326937
2010-04-22,331170
2010-04-23,326116
2010-04-24,303347
2010-04-25,292313
2010-04-26,334461
2010-04-27,343144
2010-04-28,350127
2010-04-29,345921
2010-04-30,337189
2010-05-01,310953
2010-05-02,309072
2010-05-03,347063
2010-05-04,344428
2010-05-05,348504
2010-05-06,345021
2010-05-07,343844
2010-05-08,307916
2010-05-09,289970
2010-05-10,338979
2010-05-11,345710
2010-05-12,340241
2010-05-13,350590
2010-05-14,353757
2010-05-15,315238
2010-05-16,297082
2010-05-17,334022
2010-05-18,335848
2010-05-19,332056
2010-05-20,342025
2010-05-21,337900
2010-05-22,314882
2010-05-23,317912
2010-05-24,378379
2010-05-25,388679
2010-05-26,400525
2010-05-27,408226
2010-05-28,393116
2010-05-29,353773
2010-05-30,351356
2010-05-31,352573
2010-06-01,386626
2010-06-02,398353
2010-06-03,394793
2010-06-04,397952
2010-06-05,370377
2010-06-06,340828
2010-06-07,349327
2010-06-08,349690
2010-06-09,359465
2010-06-10,384927
2010-06-11,387575
2010-06-12,373179
2010-06-13,363258
2010-06-14,410096
2010-06-15,424447
2010-06-16,419601
2010-06-17,401781
2010-06-18,404149
2010-06-19,387922
2010-06-20,376303
2010-06-21,415922
2010-06-22,433760
2010-06-23,443027
2010-06-24,431182
2010-06-25,417169
2010-06-26,400985
2010-06-27,403893
2010-06-28,425668
2010-06-29,395736
2010-06-30,368643
2010-07-01,357311
2010-07-02,350859
2010-07-03,336743
2010-07-04,360553
2010-07-05,409477
2010-07-06,446626
2010-07-07,453875
2010-07-08,456842
2010-07-09,417608
2010-07-10,383921
2010-07-11,378570
2010-07-12,412408
2010-07-13,407786
2010-07-14,427712
2010-07-15,448648
2010-07-16,444632
2010-07-17,406169
2010-07-18,393270
2010-07-19,437327
2010-07-20,435576
2010-07-21,439129
2010-07-22,451758
2010-07-23,480342
2010-07-24,453820
2010-07-25,410792
2010-07-26,427677
2010-07-27,428349
2010-07-28,451758
2010-07-29,441053
2010-07-30,399144
2010-07-31,357161
2010-08-01,358934
2010-08-02,427043
2010-08-03,438320
2010-08-04,447866
2010-08-05,434992
2010-08-06,409593
2010-08-07,365570
2010-08-08,366864
2010-08-09,438907
2010-08-10,467853
2010-08-11,463118
2010-08-12,464368
2010-08-13,461704
2010-08-14,419225
2010-08-15,402712
2010-08-16,432708
2010-08-17,412740
2010-08-18,406808
2010-08-19,419619
2010-08-20,433875
2010-08-21,383142
2010-08-22,371399
2010-08-23,396008
2010-08-24,383211
2010-08-25,392316
2010-08-26,378957
2010-08-27,369562
2010-08-28,356329
2010-08-29,376360
2010-08-30,440801
2010-08-31,447745
2010-09-01,437654
2010-09-02,436874
2010-09-03,396627
2010-09-04,306124
2010-09-05,287253
2010-09-06,309663
2010-09-07,387089
2010-09-08,370547
2010-09-09,349404
2010-09-10,343863
2010-09-11,315197
2010-09-12,314299
2010-09-13,361396
2010-09-14,365897
2010-09-15,361795
2010-09-16,364472
2010-09-17,348303
2010-09-18,320048
2010-09-19,320954
2010-09-20,363652
2010-09-21,382607
2010-09-22,395345
2010-09-23,406136
2010-09-24,408830
2010-09-25,331218
2010-09-26,291960
2010-09-27,333068
2010-09-28,336846
2010-09-29,336673
2010-09-30,338372
2010-10-01,326716
2010-10-02,302712
2010-10-03,295964
2010-10-04,335570
2010-10-05,341736
2010-10-06,341234
2010-10-07,336938
2010-10-08,332722
2010-10-09,308521
2010-10-10,300767
2010-10-11,344419
2010-10-12,343287
2010-10-13,339143
2010-10-14,335343
2010-10-15,335301
2010-10-16,313879
2010-10-17,299849
2010-10-18,338234
2010-10-19,341848
2010-10-20,344012
2010-10-21,346736
2010-10-22,346955
2010-10-23,318603
2010-10-24,295099
2010-10-25,334712
2010-10-26,342279
2010-10-27,342259
2010-10-28,344700
2010-10-29,345791
2010-10-30,332043
2010-10-31,309645
2010-11-01,357618
2010-11-02,370324
2010-11-03,371254
2010-11-04,366480
2010-11-05,376505
2010-11-06,362617
2010-11-07,342896
2010-11-08,374045
2010-11-09,362663
2010-11-10,358645
2010-11-11,361608
2010-11-12,358863
2010-11-13,333313
2010-11-14,323834
2010-11-15,372380
2010-11-16,376029
2010-11-17,370483
2010-11-18,393187
2010-11-19,383862
2010-11-20,355705
2010-11-21,331817
2010-11-22,349735
2010-11-23,352480
2010-11-24,392377
2010-11-25,328912
2010-11-26,340127
2010-11-27,369505
2010-11-28,369563
2010-11-29,401994
2010-11-30,378594
2010-12-01,419949
2010-12-02,437864
2010-12-03,422667
2010-12-04,415386
2010-12-05,411347
2010-12-06,470883
2010-12-07,485463
2010-12-08,475581
2010-12-09,471924
2010-12-10,416129
2010-12-11,400426
2010-12-12,403701
2010-12-13,495005
2010-12-14,518482
2010-12-15,502957
2010-12-16,483754
2010-12-17,456852
2010-12-18,442695
2010-12-19,438054
2010-12-20,466995
2010-12-21,452597
2010-12-22,438251
2010-12-23,436079
2010-12-24,394018
2010-12-25,385095
2010-12-26,416025
2010-12-27,458412
2010-12-28,456175
2010-12-29,432862
2010-12-30,402403
2010-12-31,355083
2011-01-01,334072
2011-01-02,374485
2011-01-03,439918
2011-01-04,439203
2011-01-05,441545
2011-01-06,442481
2011-01-07,451514
2011-01-08,453057
2011-01-09,458260
2011-01-10,477197
2011-01-11,470997
2011-01-12,482935
2011-01-13,480555
2011-01-14,466483
2011-01-15,423402
2011-01-16,402780
2011-01-17,444609
2011-01-18,427424
2011-01-19,422465
2011-01-20,442414
2011-01-21,471023
2011-01-22,469599
2011-01-23,441712
2011-01-24,474027
2011-01-25,434595
2011-01-26,445646
2011-01-27,450264
2011-01-28,439242
2011-01-29,407695
2011-01-30,378149
2011-01-31,438236
2011-02-01,433969
2011-02-02,409026
2011-02-03,458520
2011-02-04,446326
2011-02-05,405436
2011-02-06,387660
2011-02-07,419457
2011-02-08,453032
2011-02-09,484384
2011-02-10,478157
2011-02-11,464879
2011-02-12,415884
2011-02-13,377298
2011-02-14,397945
2011-02-15,417058
2011-02-16,400256
2011-02-17,377056
2011-02-18,354996
2011-02-19,359468
2011-02-20,377300
2011-02-21,395981
2011-02-22,422816
2011-02-23,425334
2011-02-24,419809
2011-02-25,407134
2011-02-26,381852
2011-02-27,343729
2011-02-28,375675
2011-03-01,400025
2011-03-02,395158
2011-03-03,407037
2011-03-04,390423
2011-03-05,353417
2011-03-06,373381
2011-03-07,411642
2011-03-08,402893
2011-03-09,403337
2011-03-10,400053
2011-03-11,416283
2011-03-12,365625
2011-03-13,325618
2011-03-14,388604
2011-03-15,398073
2011-03-16,379145
2011-03-17,371131
2011-03-18,341302
2011-03-19,319954
2011-03-20,328078
2011-03-21,348107
2011-03-22,350943
2011-03-23,354604
2011-03-24,380790
2011-03-25,398276
2011-03-26,371970
2011-03-27,369985
2011-03-28,403562
2011-03-29,399829
2011-03-30,400651
2011-03-31,404165
2011-04-01,383651
2011-04-02,353382
2011-04-03,338120
2011-04-04,350082
2011-04-05,367848
2011-04-06,374469
2011-04-07,355628
2011-04-08,345459
2011-04-09,314031
2011-04-10,301215
2011-04-11,337348
2011-04-12,346460
2011-04-13,348942
2011-04-14,345693
2011-04-15,336991
2011-04-16,316220
2011-04-17,311752
2011-04-18,343418
2011-04-19,355436
2011-04-20,346104
2011-04-21,342034
2011-04-22,333826
2011-04-23,306931
2011-04-24,292356
2011-04-25,343081
2011-04-26,349312
2011-04-27,347575
2011-04-28,341603
2011-04-29,333353
2011-04-30,311392
2011-05-01,296402
2011-05-02,339827
2011-05-03,353248
2011-05-04,354283
2011-05-05,352298
2011-05-06,338841
2011-05-07,309664
2011-05-08,294262
2011-05-09,334777
2011-05-10,341387
2011-05-11,358959
2011-05-12,380612
2011-05-13,369795
2011-05-14,324074
2011-05-15,302300
2011-05-16,341529
2011-05-17,355470
2011-05-18,344522
2011-05-19,345474
2011-05-20,340105
2011-05-21,326290
2011-05-22,334080
2011-05-23,369004
2011-05-24,365236
2011-05-25,379851
2011-05-26,372076
2011-05-27,344652
2011-05-28,321841
2011-05-29,343872
2011-05-30,378527
2011-05-31,442970
2011-06-01,430181
2011-06-02,385712
2011-06-03,365896
2011-06-04,369324
2011-06-05,370059
2011-06-06,413863
2011-06-07,423869
2011-06-08,446800
2011-06-09,444396
2011-06-10,405905
2011-06-11,371959
2011-06-12,340229
2011-06-13,358105
2011-06-14,355710
2011-06-15,346718
2011-06-16,366083
2011-06-17,383517
2011-06-18,358810
2011-06-19,342195
2011-06-20,376102
2011-06-21,417263
2011-06-22,403567
2011-06-23,389222
2011-06-24,364327
2011-06-25,335775
2011-06-26,325271
2011-06-27,383580
2011-06-28,408695
2011-06-29,388021
2011-06-30,395726
2011-07-01,397381
2011-07-02,371874
2011-07-03,378365
2011-07-04,360431
2011-07-05,400342
2011-07-06,421973
2011-07-07,426698
2011-07-08,402551
2011-07-09,382361
2011-07-10,394571
2011-07-11,436832
2011-07-12,446273
2011-07-13,424865
2011-07-14,401430
2011-07-15,396225
2011-07-16,378802
2011-07-17,385791
2011-07-18,455597
2011-07-19,464251
2011-07-20,475711
2011-07-21,498035
2011-07-22,489666
2011-07-23,432583
2011-07-24,414586
2011-07-25,448185
2011-07-26,452851
2011-07-27,447411
2011-07-28,471345
2011-07-29,469365
2011-07-30,427028
2011-07-31,410745
2011-08-01,448570
2011-08-02,462362
2011-08-03,433389
2011-08-04,438737
2011-08-05,442399
2011-08-06,417801
2011-08-07,403910
2011-08-08,436851
2011-08-09,430688
2011-08-10,406990
2011-08-11,390531
2011-08-12,386350
2011-08-13,373260
2011-08-14,345024
2011-08-15,377940
2011-08-16,393169
2011-08-17,394992
2011-08-18,415049
2011-08-19,412489
2011-08-20,387889
2011-08-21,370061
2011-08-22,387042
2011-08-23,383806
2011-08-24,414072
2011-08-25,422551
2011-08-26,397665
2011-08-27,361148
2011-08-28,339327
2011-08-29,368124
2011-08-30,373975
2011-08-31,392164
2011-09-01,428483
2011-09-02,448950
2011-09-03,413321
2011-09-04,357219
2011-09-05,313820
2011-09-06,338775
2011-09-07,345266
2011-09-08,349529
2011-09-09,352137
2011-09-10,329761
2011-09-11,321087
2011-09-12,368911
2011-09-13,385594
2011-09-14,366082
2011-09-15,341535
2011-09-16,327742
2011-09-17,303263
2011-09-18,297366
2011-09-19,342283
2011-09-20,352463
2011-09-21,357133
2011-09-22,358758
2011-09-23,341234
2011-09-24,310379
2011-09-25,308193
2011-09-26,351454
2011-09-27,349193
2011-09-28,344275
2011-09-29,344447
2011-09-30,335148
2011-10-01,318876
2011-10-02,312349
2011-10-03,349202
2011-10-04,345467
2011-10-05,340540
2011-10-06,344028
2011-10-07,342026
2011-10-08,314607
2011-10-09,301827
2011-10-10,343029
2011-10-11,345243
2011-10-12,343393
2011-10-13,343962
2011-10-14,334355
2011-10-15,309776
2011-10-16,302270
2011-10-17,334937
2011-10-18,341956
2011-10-19,350409
2011-10-20,370368
2011-10-21,359565
2011-10-22,331267
2011-10-23,319464
2011-10-24,347526
2011-10-25,351416
2011-10-26,345010
2011-10-27,349274
2011-10-28,370517
2011-10-29,349092
2011-10-30,342556
2011-10-31,371956
2011-11-01,374168
2011-11-02,362548
2011-11-03,358150
2011-11-04,349895
2011-11-05,345497
2011-11-06,320718
2011-11-07,361215
2011-11-08,358433
2011-11-09,359003
2011-11-10,370378
2011-11-11,386216
2011-11-12,352104
2011-11-13,324262
2011-11-14,343927
2011-11-15,349055
2011-11-16,355089
2011-11-17,390625
2011-11-18,397562
2011-11-19,363113
2011-11-20,316753
2011-11-21,355298
2011-11-22,362359
2011-11-23,360836
2011-11-24,328451
2011-11-25,326728
2011-11-26,321614
2011-11-27,317772
2011-11-28,361676
2011-11-29,386193
2011-11-30,409476
2011-12-01,413498
2011-12-02,408599
2011-12-03,379015
2011-12-04,354603
2011-12-05,378453
2011-12-06,384062
2011-12-07,399276
2011-12-08,424552
2011-12-09,421391
2011-12-10,402929
2011-12-11,407872
2011-12-12,430139
2011-12-13,409321
2011-12-14,386864
2011-12-15,380665
2011-12-16,391860
2011-12-17,395090
2011-12-18,381844
2011-12-19,413866
2011-12-20,394143
2011-12-21,373024
2011-12-22,374494
2011-12-23,367558
2011-12-24,348147
2011-12-25,340194
2011-12-26,343747
2011-12-27,385616
2011-12-28,397372
2011-12-29,401028
2011-12-30,364946
2011-12-31,338084
2012-01-01,345537
2012-01-02,405191
2012-01-03,472496
2012-01-04,464579
2012-01-05,418765
2012-01-06,390828
2012-01-07,355233
2012-01-08,366589
2012-01-09,406768
2012-01-10,404916
2012-01-11,407922
2012-01-12,398883
2012-01-13,471171
2012-01-14,434774
2012-01-15,415714
2012-01-16,439084
2012-01-17,391937
2012-01-18,426524
2012-01-19,453622
2012-01-20,441859
2012-01-21,408573
2012-01-22,392924
2012-01-23,393618
2012-01-24,396809
2012-01-25,406874
2012-01-26,397205
2012-01-27,383652
2012-01-28,385689
2012-01-29,386847
2012-01-30,414383
2012-01-31,381247
2012-02-01,363858
2012-02-02,371931
2012-02-03,388443
2012-02-04,369175
2012-02-05,353906
2012-02-06,403244
2012-02-07,405731
2012-02-08,420977
2012-02-09,426816
2012-02-10,430222
2012-02-11,432403
2012-02-12,437531
2012-02-13,441650
2012-02-14,420918
2012-02-15,393635
2012-02-16,385287
2012-02-17,378236
2012-02-18,361044
2012-02-19,370960
2012-02-20,405789
2012-02-21,408504
2012-02-22,380373
2012-02-23,372149
2012-02-24,372861
2012-02-25,392726
2012-02-26,374073
2012-02-27,387549
2012-02-28,384417
2012-02-29,361308
2012-03-01,357657
2012-03-02,374476
2012-03-03,348658
2012-03-04,366432
2012-03-05,420968
2012-03-06,406099
2012-03-07,366815
2012-03-08,356104
2012-03-09,370424
2012-03-10,357586
2012-03-11,316145
2012-03-12,349335
2012-03-13,336919
2012-03-14,336068
2012-03-15,339177
2012-03-16,333015
2012-03-17,301417
2012-03-18,291578
2012-03-19,335651
2012-03-20,344546
2012-03-21,349401
2012-03-22,354382
2012-03-23,339356
2012-03-24,298634
2012-03-25,288841
2012-03-26,331099
2012-03-27,352343
2012-03-28,340242
2012-03-29,332040
2012-03-30,333410
2012-03-31,297041
2012-04-01,294665
2012-04-02,329252
2012-04-03,338033
2012-04-04,330930
2012-04-05,332505
2012-04-06,320004
2012-04-07,306316
2012-04-08,287128
2012-04-09,332340
2012-04-10,349580
2012-04-11,367549
2012-04-12,365297
2012-04-13,346261
2012-04-14,316196
2012-04-15,303103
2012-04-16,344939
2012-04-17,336136
2012-04-18,334752
2012-04-19,335390
2012-04-20,334179
2012-04-21,307592
2012-04-22,314531
2012-04-23,362180
2012-04-24,354844
2012-04-25,344581
2012-04-26,336557
2012-04-27,332376
2012-04-28,321580
2012-04-29,302714
2012-04-30,343026
2012-05-01,350889
2012-05-02,370464
2012-05-03,394428
2012-05-04,374881
2012-05-05,322708
2012-05-06,311121
2012-05-07,359463
2012-05-08,352005
2012-05-09,334024
2012-05-10,331637
2012-05-11,333871
2012-05-12,303308
2012-05-13,292362
2012-05-14,338349
2012-05-15,349801
2012-05-16,351154
2012-05-17,339021
2012-05-18,340334
2012-05-19,328831
2012-05-20,332730
2012-05-21,370760
2012-05-22,351780
2012-05-23,356604
2012-05-24,379575
2012-05-25,394196
2012-05-26,373308
2012-05-27,376119
2012-05-28,389226
2012-05-29,407424
2012-05-30,384906
2012-05-31,364709
2012-06-01,337401
2012-06-02,296422
2012-06-03,298805
2012-06-04,347547
2012-06-05,338086
2012-06-06,341423
2012-06-07,355401
2012-06-08,365182
2012-06-09,354204
2012-06-10,360195
2012-06-11,390466
2012-06-12,403709
2012-06-13,370693
2012-06-14,369931
2012-06-15,388676
2012-06-16,372553
2012-06-17,348888
2012-06-18,408990
2012-06-19,439177
2012-06-20,449353
2012-06-21,448974
2012-06-22,414188
2012-06-23,373767
2012-06-24,375049
2012-06-25,400222
2012-06-26,366329
2012-06-27,387424
2012-06-28,438076
2012-06-29,434873
2012-06-30,308451
2012-07-01,337046
2012-07-02,375138
2012-07-03,412817
2012-07-04,411737
2012-07-05,426997
2012-07-06,448719
2012-07-07,457658
2012-07-08,424262
2012-07-09,419990
2012-07-10,419099
2012-07-11,410295
2012-07-12,417362
2012-07-13,402538
2012-07-14,383032
2012-07-15,388982
2012-07-16,448179
2012-07-17,465588
2012-07-18,455588
2012-07-19,419970
2012-07-20,392081
2012-07-21,367477
2012-07-22,381362
2012-07-23,443610
2012-07-24,432083
2012-07-25,427781
2012-07-26,465302
2012-07-27,432354
2012-07-28,381848
2012-07-29,369168
2012-07-30,421710
2012-07-31,431202
2012-08-01,425574
2012-08-02,435798
2012-08-03,439459
2012-08-04,415259
2012-08-05,387001
2012-08-06,406444
2012-08-07,415692
2012-08-08,432516
2012-08-09,418741
2012-08-10,379556
2012-08-11,326214
2012-08-12,325045
2012-08-13,377122
2012-08-14,385604
2012-08-15,384689
2012-08-16,397527
2012-08-17,379519
2012-08-18,339440
2012-08-19,321137
2012-08-20,362825
2012-08-21,364659
2012-08-22,371456
2012-08-23,389562
2012-08-24,398562
2012-08-25,374731
2012-08-26,365582
2012-08-27,405636
2012-08-28,403725
2012-08-29,389110
2012-08-30,392493
2012-08-31,413163
2012-09-01,378961
2012-09-02,359924
2012-09-03,361890
2012-09-04,408442
2012-09-05,411919
2012-09-06,418198
2012-09-07,401190
2012-09-08,328747
2012-09-09,296081
2012-09-10,334965
2012-09-11,338626
2012-09-12,353622
2012-09-13,364808
2012-09-14,346520
2012-09-15,304751
2012-09-16,294859
2012-09-17,336844
2012-09-18,342194
2012-09-19,323343
2012-09-20,328265
2012-09-21,328112
2012-09-22,300951
2012-09-23,285285
2012-09-24,326830
2012-09-25,332801
2012-09-26,340827
2012-09-27,341480
2012-09-28,327136
2012-09-29,292060
2012-09-30,282205
2012-10-01,322281
2012-10-02,338564
2012-10-03,338029
2012-10-04,335106
2012-10-05,328754
2012-10-06,294810
2012-10-07,297146
2012-10-08,350987
2012-10-09,348859
2012-10-10,345248
2012-10-11,351742
2012-10-12,336554
2012-10-13,314374
2012-10-14,295293
2012-10-15,321390
2012-10-16,342060
2012-10-17,341283
2012-10-18,332722
2012-10-19,333990
2012-10-20,307747
2012-10-21,299816
2012-10-22,340815
2012-10-23,335121
2012-10-24,334822
2012-10-25,337275
2012-10-26,326953
2012-10-27,307369
2012-10-28,315353
2012-10-29,386675
2012-10-30,391285
2012-10-31,380142
2012-11-01,368514
2012-11-02,361613
2012-11-03,341276
2012-11-04,317519
2012-11-05,380709
2012-11-06,389451
2012-11-07,375925
2012-11-08,383778
2012-11-09,371994
2012-11-10,323602
2012-11-11,304520
2012-11-12,344318
2012-11-13,381687
2012-11-14,401156
2012-11-15,395532
2012-11-16,385484
2012-11-17,352671
2012-11-18,337465
2012-11-19,370195
2012-11-20,363880
2012-11-21,358339
2012-11-22,313929
2012-11-23,324005
2012-11-24,355873
2012-11-25,361412
2012-11-26,384874
2012-11-27,392741
2012-11-28,404543
2012-11-29,411535
2012-11-30,390456
2012-12-01,346220
2012-12-02,325971
2012-12-03,343012
2012-12-04,351766
2012-12-05,364053
2012-12-06,381318
2012-12-07,375023
2012-12-08,339147
2012-12-09,342205
2012-12-10,368063
2012-12-11,402076
2012-12-12,412053
2012-12-13,411827
2012-12-14,400658
2012-12-15,360867
2012-12-16,326763
2012-12-17,365970
2012-12-18,383787
2012-12-19,383997
2012-12-20,397210
2012-12-21,424814
2012-12-22,390677
2012-12-23,370740
2012-12-24,350003
2012-12-25,324420
2012-12-26,384150
2012-12-27,404809
2012-12-28,395700
2012-12-29,383560
2012-12-30,386875
2012-12-31,397458
2013-01-01,363262
2013-01-02,419942
2013-01-03,434550
2013-01-04,429182
2013-01-05,393119
2013-01-06,365944
2013-01-07,406619
2013-01-08,416355
2013-01-09,390290
2013-01-10,391757
2013-01-11,364472
2013-01-12,318520
2013-01-13,306726
2013-01-14,380527
2013-01-15,411886
2013-01-16,409066
2013-01-17,407377
2013-01-18,411633
2013-01-19,371518
2013-01-20,360539
2013-01-21,434383
2013-01-22,487307
2013-01-23,487904
2013-01-24,471922
2013-01-25,477192
2013-01-26,417962
2013-01-27,404600
2013-01-28,400002
2013-01-29,357323
2013-01-30,349748
2013-01-31,424211
2013-02-01,469025
2013-02-02,449944
2013-02-03,408051
2013-02-04,444966
2013-02-05,416292
2013-02-06,403179
2013-02-07,404904
2013-02-08,400350
2013-02-09,380579
2013-02-10,367357
2013-02-11,370255
2013-02-12,385518
2013-02-13,403105
2013-02-14,400992
2013-02-15,401980
2013-02-16,397677
2013-02-17,416326
2013-02-18,427541
2013-02-19,412456
2013-02-20,439951
2013-02-21,436705
2013-02-22,408064
2013-02-23,354538
2013-02-24,355542
2013-02-25,402502
2013-02-26,412731
2013-02-27,400125
2013-02-28,417539
2013-03-01,408394
2013-03-02,394594
2013-03-03,395618
2013-03-04,415563
2013-03-05,409147
2013-03-06,420041
2013-03-07,412578
2013-03-08,393997
2013-03-09,354526
2013-03-10,301095
2013-03-11,348759
2013-03-12,376621
2013-03-13,410067
2013-03-14,411511
2013-03-15,382922
2013-03-16,331986
2013-03-17,344635
2013-03-18,402737
2013-03-19,393494
2013-03-20,400996
2013-03-21,430029
2013-03-22,410401
2013-03-23,357112
2013-03-24,367541
2013-03-25,417754
2013-03-26,412198
2013-03-27,403019
2013-03-28,387508
2013-03-29,352293
2013-03-30,320078
2013-03-31,300953
2013-04-01,353598
2013-04-02,383181
2013-04-03,382510
2013-04-04,385421
2013-04-05,356663
2013-04-06,322797
2013-04-07,291060
2013-04-08,326736
2013-04-09,331590
2013-04-10,339852
2013-04-11,341479
2013-04-12,333904
2013-04-13,309871
2013-04-14,298470
2013-04-15,321429
2013-04-16,329073
2013-04-17,327367
2013-04-18,335486
2013-04-19,324408
2013-04-20,313458
2013-04-21,306827
2013-04-22,336424
2013-04-23,330946
2013-04-24,334736
2013-04-25,340479
2013-04-26,331895
2013-04-27,295837
2013-04-28,288356
2013-04-29,326249
2013-04-30,332773
2013-05-01,337100
2013-05-02,335923
2013-05-03,329682
2013-05-04,299171
2013-05-05,286032
2013-05-06,327517
2013-05-07,331784
2013-05-08,330750
2013-05-09,336174
2013-05-10,328212
2013-05-11,291930
2013-05-12,281628
2013-05-13,329824
2013-05-14,339122
2013-05-15,350254
2013-05-16,351812
2013-05-17,344806
2013-05-18,313983
2013-05-19,314210
2013-05-20,377957
2013-05-21,392858
2013-05-22,376707
2013-05-23,350424
2013-05-24,317099
2013-05-25,286213
2013-05-26,274511
2013-05-27,282161
2013-05-28,352690
2013-05-29,389686
2013-05-30,404685
2013-05-31,396086
2013-06-01,358136
2013-06-02,322070
2013-06-03,343795
2013-06-04,343827
2013-06-05,351905
2013-06-06,351130
2013-06-07,330500
2013-06-08,307471
2013-06-09,318112
2013-06-10,359229
2013-06-11,370959
2013-06-12,405410
2013-06-13,371972
2013-06-14,348521
2013-06-15,320607
2013-06-16,320230
2013-06-17,389057
2013-06-18,373844
2013-06-19,360337
2013-06-20,370778
2013-06-21,386191
2013-06-22,375137
2013-06-23,375791
2013-06-24,415797
2013-06-25,424584
2013-06-26,406688
2013-06-27,394207
2013-06-28,392103
2013-06-29,339198
2013-06-30,329658
2013-07-01,357682
2013-07-02,361548
2013-07-03,371120
2013-07-04,333450
2013-07-05,346948
2013-07-06,352238
2013-07-07,339081
2013-07-08,392510
2013-07-09,419169
2013-07-10,411994
2013-07-11,379948
2013-07-12,368333
2013-07-13,357547
2013-07-14,383395
2013-07-15,449508
2013-07-16,459310
2013-07-17,465108
2013-07-18,469009
2013-07-19,458517
2013-07-20,397608
2013-07-21,370693
2013-07-22,400869
2013-07-23,412438
2013-07-24,373846
2013-07-25,361742
2013-07-26,363781
2013-07-27,331705
2013-07-28,308938
2013-07-29,347501
2013-07-30,363298
2013-07-31,359082
2013-08-01,376940
2013-08-02,360631
2013-08-03,333533
2013-08-04,316946
2013-08-05,353852
2013-08-06,375740
2013-08-07,391655
2013-08-08,395820
2013-08-09,389990
2013-08-10,359166
2013-08-11,347698
2013-08-12,397201
2013-08-13,376618
2013-08-14,335083
2013-08-15,334734
2013-08-16,338127
2013-08-17,313327
2013-08-18,305123
2013-08-19,369563
2013-08-20,388603
2013-08-21,389375
2013-08-22,389293
2013-08-23,384609
2013-08-24,341794
2013-08-25,336099
2013-08-26,393008
2013-08-27,411495
2013-08-28,424870
2013-08-29,417449
2013-08-30,411917
2013-08-31,368219
2013-09-01,346066
2013-09-02,352541
2013-09-03,356212
2013-09-04,351674
2013-09-05,360979
2013-09-06,344103
2013-09-07,327081
2013-09-08,335826
2013-09-09,395840
2013-09-10,440731
2013-09-11,424010
2013-09-12,391291
2013-09-13,331630
2013-09-14,286542
2013-09-15,281616
2013-09-16,328145
2013-09-17,329805
2013-09-18,333542
2013-09-19,347345
2013-09-20,364116
2013-09-21,312108
2013-09-22,279446
2013-09-23,321569
2013-09-24,326566
2013-09-25,325844
2013-09-26,333702
2013-09-27,326889
2013-09-28,296057
2013-09-29,283176
2013-09-30,327689
2013-10-01,331370
2013-10-02,344320
2013-10-03,348325
2013-10-04,352622
2013-10-05,322263
2013-10-06,309901
2013-10-07,318009
2013-10-08,317874
2013-10-09,318019
2013-10-10,320116
2013-10-11,315417
2013-10-12,286859
2013-10-13,278229
2013-10-14,317710
2013-10-15,324478
2013-10-16,323874
2013-10-17,323751
2013-10-18,317472
2013-10-19,299176
2013-10-20,292455
2013-10-21,334330
2013-10-22,338494
2013-10-23,353309
2013-10-24,368800
2013-10-25,365153
2013-10-26,342503
2013-10-27,306404
2013-10-28,344865
2013-10-29,340422
2013-10-30,333731
2013-10-31,326306
2013-11-01,314687
2013-11-02,299547
2013-11-03,312845
2013-11-04,361652
2013-11-05,349727
2013-11-06,336999
2013-11-07,346156
2013-11-08,366031
2013-11-09,336032
2013-11-10,315602
2013-11-11,366949
2013-11-12,392000
2013-11-13,407355
2013-11-14,393566
2013-11-15,369067
2013-11-16,314995
2013-11-17,296606
2013-11-18,336301
2013-11-19,372293
2013-11-20,376675
2013-11-21,364518
2013-11-22,342541
2013-11-23,347747
2013-11-24,391545
2013-11-25,422671
2013-11-26,403070
2013-11-27,413185
2013-11-28,371285
2013-11-29,362394
2013-11-30,359790
2013-12-01,352035
2013-12-02,376665
2013-12-03,371681
2013-12-04,350948
2013-12-05,349081
2013-12-06,381364
2013-12-07,379511
2013-12-08,393335
2013-12-09,408317
2013-12-10,426587
2013-12-11,438170
2013-12-12,449879
2013-12-13,431063
2013-12-14,395358
2013-12-15,392651
2013-12-16,430996
2013-12-17,421554
2013-12-18,421611
2013-12-19,400389
2013-12-20,366555
2013-12-21,322143
2013-12-22,305811
2013-12-23,356238
2013-12-24,382060
2013-12-25,375836
2013-12-26,378383
2013-12-27,379850
2013-12-28,356517
2013-12-29,336210
2013-12-30,385816
2013-12-31,397091
2014-01-01,372302
2014-01-02,425658
2014-01-03,475042
2014-01-04,433614
2014-01-05,379906
2014-01-06,460269
2014-01-07,535660
2014-01-08,483463
2014-01-09,435548
2014-01-10,402684
2014-01-11,355443
2014-01-12,355702
2014-01-13,395789
2014-01-14,378674
2014-01-15,411567
2014-01-16,436764
2014-01-17,420704
2014-01-18,433049
2014-01-19,391691
2014-01-20,406270
2014-01-21,453466
2014-01-22,507154
2014-01-23,506324
2014-01-24,528058
2014-01-25,464792
2014-01-26,436790
2014-01-27,455700
2014-01-28,525861
2014-01-29,524931
2014-01-30,503694
2014-01-31,429725
2014-02-01,377661
2014-02-02,362157
2014-02-03,417573
2014-02-04,438750
2014-02-05,427050
2014-02-06,449436
2014-02-07,457320
2014-02-08,430908
2014-02-09,401049
2014-02-10,451888
2014-02-11,472805
2014-02-12,479723
2014-02-13,445593
2014-02-14,419265
2014-02-15,407781
2014-02-16,408856
2014-02-17,441817
2014-02-18,398303
2014-02-19,371974
2014-02-20,382384
2014-02-21,364921
2014-02-22,349374
2014-02-23,344695
2014-02-24,406288
2014-02-25,429633
2014-02-26,443258
2014-02-27,459755
2014-02-28,451549
2014-03-01,385351
2014-03-02,375874
2014-03-03,452784
2014-03-04,462781
2014-03-05,429042
2014-03-06,420138
2014-03-07,391334
2014-03-08,352544
2014-03-09,324810
2014-03-10,368792
2014-03-11,331209
2014-03-12,369585
2014-03-13,423624
2014-03-14,381518
2014-03-15,318762
2014-03-16,359235
2014-03-17,416613
2014-03-18,388417
2014-03-19,366539
2014-03-20,365504
2014-03-21,354959
2014-03-22,315601
2014-03-23,336336
2014-03-24,399394
2014-03-25,409380
2014-03-26,414591
2014-03-27,397808
2014-03-28,343892
2014-03-29,334129
2014-03-30,342863
2014-03-31,358102
2014-04-01,334777
2014-04-02,326442
2014-04-03,339615
2014-04-04,330673
2014-04-05,312012
2014-04-06,308456
2014-04-07,339729
2014-04-08,333652
2014-04-09,333073
2014-04-10,331928
2014-04-11,314550
2014-04-12,290602
2014-04-13,282458
2014-04-14,320644
2014-04-15,356190
2014-04-16,375034
2014-04-17,345977
2014-04-18,308670
2014-04-19,283732
2014-04-20,273665
2014-04-21,317157
2014-04-22,318220
2014-04-23,320833
2014-04-24,328325
2014-04-25,324499
2014-04-26,294452
2014-04-27,283362
2014-04-28,321132
2014-04-29,328455
2014-04-30,325500
2014-05-01,318236
2014-05-02,316697
2014-05-03,287704
2014-05-04,276496
2014-05-05,317289
2014-05-06,322812
2014-05-07,330744
2014-05-08,348423
2014-05-09,335795
2014-05-10,289888
2014-05-11,287142
2014-05-12,354507
2014-05-13,374419
2014-05-14,352328
2014-05-15,330611
2014-05-16,316438
2014-05-17,293949
2014-05-18,284276
2014-05-19,321645
2014-05-20,328154
2014-05-21,345111
2014-05-22,344849
2014-05-23,319406
2014-05-24,285100
2014-05-25,285653
2014-05-26,311649
2014-05-27,375042
2014-05-28,375231
2014-05-29,360032
2014-05-30,351306
2014-05-31,327805
2014-06-01,324430
2014-06-02,376891
2014-06-03,382189
2014-06-04,355220
2014-06-05,342385
2014-06-06,338688
2014-06-07,319343
2014-06-08,307548
2014-06-09,345482
2014-06-10,358392
2014-06-11,357441
2014-06-12,358953
2014-06-13,343944
2014-06-14,302916
2014-06-15,308063
2014-06-16,392385
2014-06-17,416703
2014-06-18,420609
2014-06-19,394764
2014-06-20,379396
2014-06-21,341666
2014-06-22,336617
2014-06-23,398137
2014-06-24,400728
2014-06-25,390560
2014-06-26,395361
2014-06-27,399495
2014-06-28,368493
2014-06-29,363386
2014-06-30,401050
2014-07-01,411475
2014-07-02,403658
2014-07-03,355236
2014-07-04,294359
2014-07-05,292951
2014-07-06,307680
2014-07-07,383488
2014-07-08,393373
2014-07-09,379361
2014-07-10,375083
2014-07-11,377518
2014-07-12,365758
2014-07-13,372541
2014-07-14,397845
2014-07-15,365437
2014-07-16,336424
2014-07-17,337818
2014-07-18,333154
2014-07-19,309652
2014-07-20,318755
2014-07-21,394479
2014-07-22,422214
2014-07-23,400084
2014-07-24,359641
2014-07-25,347269
2014-07-26,345770
2014-07-27,337831
2014-07-28,345122
2014-07-29,330742
2014-07-30,337785
2014-07-31,354306
2014-08-01,359048
2014-08-02,322406
2014-08-03,320355
2014-08-04,378276
2014-08-05,381598
2014-08-06,376180
2014-08-07,370125
2014-08-08,357473
2014-08-09,338332
2014-08-10,341068
2014-08-11,378812
2014-08-12,374719
2014-08-13,349392
2014-08-14,345396
2014-08-15,337775
2014-08-16,312296
2014-08-17,332598
2014-08-18,382879
2014-08-19,398476
2014-08-20,401896
2014-08-21,387809
2014-08-22,393046
2014-08-23,379441
2014-08-24,361943
2014-08-25,403453
2014-08-26,398484
2014-08-27,405990
2014-08-28,388598
2014-08-29,375548
2014-08-30,367149
2014-08-31,346495
2014-09-01,363111
2014-09-02,394141
2014-09-03,392513
2014-09-04,402235
2014-09-05,420350
2014-09-06,357304
2014-09-07,309237
2014-09-08,342028
2014-09-09,358340
2014-09-10,369877
2014-09-11,354791
2014-09-12,320094
2014-09-13,291830
2014-09-14,276760
2014-09-15,321108
2014-09-16,325137
2014-09-17,322506
2014-09-18,325127
2014-09-19,321174
2014-09-20,306287
2014-09-21,303674
2014-09-22,317686
2014-09-23,323650
2014-09-24,324522
2014-09-25,332970
2014-09-26,331291
2014-09-27,300594
2014-09-28,291962
2014-09-29,338681
2014-09-30,330293
2014-10-01,324382
2014-10-02,335585
2014-10-03,326498
2014-10-04,289310
2014-10-05,290088
2014-10-06,324330
2014-10-07,326243
2014-10-08,315632
2014-10-09,324328
2014-10-10,320415
2014-10-11,290989
2014-10-12,286586
2014-10-13,324380
2014-10-14,331072
2014-10-15,322361
2014-10-16,324757
2014-10-17,319146
2014-10-18,294632
2014-10-19,291895
2014-10-20,339104
2014-10-21,337172
2014-10-22,345147
2014-10-23,338679
2014-10-24,336351
2014-10-25,304901
2014-10-26,286088
2014-10-27,333061
2014-10-28,326146
2014-10-29,323775
2014-10-30,342673
2014-10-31,352789
2014-11-01,342601
2014-11-02,346951
2014-11-03,360828
2014-11-04,341771
2014-11-05,331736
2014-11-06,339900
2014-11-07,357875
2014-11-08,344489
2014-11-09,317188
2014-11-10,351896
2014-11-11,344867
2014-11-12,361410
2014-11-13,392527
2014-11-14,409202
2014-11-15,389425
2014-11-16,363411
2014-11-17,402668
2014-11-18,459429
2014-11-19,448126
2014-11-20,413453
2014-11-21,423082
2014-11-22,388911
2014-11-23,340225
2014-11-24,338252
2014-11-25,368922
2014-11-26,384825
2014-11-27,348422
2014-11-28,365258
2014-11-29,351183
2014-11-30,312338
2014-12-01,356934
2014-12-02,397257
2014-12-03,382849
2014-12-04,403683
2014-12-05,382235
2014-12-06,351923
2014-12-07,357392
2014-12-08,405012
2014-12-09,397594
2014-12-10,410262
2014-12-11,418715
2014-12-12,414593
2014-12-13,381583
2014-12-14,357637
2014-12-15,377169
2014-12-16,381503
2014-12-17,395153
2014-12-18,416444
2014-12-19,411325
2014-12-20,391305
2014-12-21,368701
2014-12-22,392858
2014-12-23,358032
2014-12-24,305967
2014-12-25,304105
2014-12-26,334966
2014-12-27,317860
2014-12-28,320527
2014-12-29,371782
2014-12-30,396502
2014-12-31,407913
2015-01-01,383646
2015-01-02,372379
2015-01-03,352758
2015-01-04,327237
2015-01-05,427442
2015-01-06,446110
2015-01-07,482636
2015-01-08,524960
2015-01-09,468208
2015-01-10,464237
2015-01-11,421627
2015-01-12,415545
2015-01-13,438478
2015-01-14,453369
2015-01-15,439790
2015-01-16,418288
2015-01-17,384804
2015-01-18,356583
2015-01-19,389024
2015-01-20,393849
2015-01-21,385432
2015-01-22,406063
2015-01-23,407589
2015-01-24,384981
2015-01-25,368783
2015-01-26,422247
2015-01-27,445486
2015-01-28,448163
2015-01-29,427002
2015-01-30,423407
2015-01-31,414947
2015-02-01,377653
2015-02-02,419073
2015-02-03,443497
2015-02-04,409909
2015-02-05,437218
2015-02-06,454715
2015-02-07,372710
2015-02-08,334404
2015-02-09,380678
2015-02-10,423832
2015-02-11,419054
2015-02-12,434857
2015-02-13,465149
2015-02-14,429141
2015-02-15,472703
2015-02-16,507115
2015-02-17,479616
2015-02-18,489595
2015-02-19,533988
2015-02-20,529129
2015-02-21,449054
2015-02-22,393732
2015-02-23,454037
2015-02-24,488023
2015-02-25,438097
2015-02-26,443297
2015-02-27,457595
2015-02-28,431685
2015-03-01,397937
2015-03-02,407566
2015-03-03,417325
2015-03-04,393857
2015-03-05,435910
2015-03-06,457469
2015-03-07,395919
2015-03-08,329615
2015-03-09,361881
2015-03-10,366642
2015-03-11,348013
2015-03-12,355734
2015-03-13,356197
2015-03-14,321502
2015-03-15,308897
2015-03-16,339970
2015-03-17,337218
2015-03-18,367190
2015-03-19,371978
2015-03-20,364247
2015-03-21,316102
2015-03-22,312299
2015-03-23,363679
2015-03-24,363152
2015-03-25,344710
2015-03-26,343119
2015-03-27,366885
2015-03-28,374735
2015-03-29,361492
2015-03-30,349120
2015-03-31,344073
2015-04-01,340400
2015-04-02,336754
2015-04-03,304448
2015-04-04,297257
2015-04-05,294628
2015-04-06,328378
2015-04-07,331060
2015-04-08,326540
2015-04-09,329416
2015-04-10,314783
2015-04-11,289265
2015-04-12,286093
2015-04-13,319264
2015-04-14,314329
2015-04-15,318405
2015-04-16,321746
2015-04-17,315893
2015-04-18,287165
2015-04-19,278049
2015-04-20,314804
2015-04-21,318268
2015-04-22,330042
2015-04-23,335437
2015-04-24,329169
2015-04-25,305487
2015-04-26,291596
2015-04-27,329267
2015-04-28,327872
2015-04-29,320565
2015-04-30,318756
2015-05-01,317671
2015-05-02,288194
2015-05-03,279180
2015-05-04,322894
2015-05-05,337231
2015-05-06,342901
2015-05-07,352745
2015-05-08,360446
2015-05-09,331791
2015-05-10,323011
2015-05-11,368944
2015-05-12,339759
2015-05-13,318912
2015-05-14,318752
2015-05-15,325801
2015-05-16,312375
2015-05-17,320489
2015-05-18,369767
2015-05-19,342909
2015-05-20,319436
2015-05-21,316755
2015-05-22,313729
2015-05-23,281377
2015-05-24,286878
2015-05-25,308285
2015-05-26,364167
2015-05-27,366406
2015-05-28,366636
2015-05-29,371375
2015-05-30,346115
2015-05-31,315678
2015-06-01,324160
2015-06-02,320685
2015-06-03,322840
2015-06-04,348383
2015-06-05,363065
2015-06-06,318079
2015-06-07,319850
2015-06-08,368243
2015-06-09,353065
2015-06-10,377992
2015-06-11,405206
2015-06-12,399578
2015-06-13,368748
2015-06-14,365772
2015-06-15,415081
2015-06-16,410301
2015-06-17,376219
2015-06-18,400484
2015-06-19,373755
2015-06-20,341965
2015-06-21,355570
2015-06-22,406835
2015-06-23,420924
2015-06-24,391485
2015-06-25,377816
2015-06-26,374045
2015-06-27,319958
2015-06-28,299041
2015-06-29,328790
2015-06-30,343216
2015-07-01,339194
2015-07-02,331955
2015-07-03,302532
2015-07-04,301747
2015-07-05,308980
2015-07-06,372556
2015-07-07,384345
2015-07-08,354090
2015-07-09,367831
2015-07-10,365444
2015-07-11,337985
2015-07-12,327567
2015-07-13,369317
2015-07-14,374297
2015-07-15,358598
2015-07-16,360175
2015-07-17,389948
2015-07-18,390672
2015-07-19,379342
2015-07-20,410615
2015-07-21,408590
2015-07-22,380668
2015-07-23,381119
2015-07-24,387933
2015-07-25,372858
2015-07-26,372090
2015-07-27,413922
2015-07-28,430256
2015-07-29,435859
2015-07-30,419034
2015-07-31,393202
2015-08-01,352773
2015-08-02,352300
2015-08-03,389417
2015-08-04,390625
2015-08-05,392665
2015-08-06,360585
2015-08-07,360363
2015-08-08,353803
2015-08-09,354840
2015-08-10,396775
2015-08-11,391111
2015-08-12,364859
2015-08-13,368214
2015-08-14,380322
2015-08-15,362460
2015-08-16,366765
2015-08-17,404378
2015-08-18,398607
2015-08-19,413207
2015-08-20,383042
2015-08-21,355642
2015-08-22,327330
2015-08-23,334733
2015-08-24,370957
2015-08-25,340832
2015-08-26,328036
2015-08-27,338802
2015-08-28,347415
2015-08-29,331339
2015-08-30,344404
2015-08-31,397287
2015-09-01,409144
2015-09-02,413021
2015-09-03,412864
2015-09-04,393212
2015-09-05,347989
2015-09-06,349551
2015-09-07,365821
2015-09-08,410595
2015-09-09,392834
2015-09-10,370551
2015-09-11,349021
2015-09-12,295300
2015-09-13,275550
2015-09-14,321105
2015-09-15,338469
2015-09-16,349070
2015-09-17,355808
2015-09-18,355745
2015-09-19,322117
2015-09-20,292400
2015-09-21,327874
2015-09-22,336483
2015-09-23,339229
2015-09-24,344075
2015-09-25,327685
2015-09-26,296221
2015-09-27,292866
2015-09-28,350537
2015-09-29,348887
2015-09-30,325358
2015-10-01,309191
2015-10-02,308247
2015-10-03,292600
2015-10-04,276425
2015-10-05,318235
2015-10-06,323695
2015-10-07,323417
2015-10-08,326357
2015-10-09,320635
2015-10-10,282078
2015-10-11,277148
2015-10-12,319238
2015-10-13,316841
2015-10-14,312394
2015-10-15,321694
2015-10-16,313952
2015-10-17,303443
2015-10-18,307963
2015-10-19,344333
2015-10-20,332812
2015-10-21,322393
2015-10-22,321571
2015-10-23,312426
2015-10-24,284185
2015-10-25,273661
2015-10-26,318263
2015-10-27,333055
2015-10-28,326314
2015-10-29,319717
2015-10-30,329503
2015-10-31,306814
2015-11-01,291351
2015-11-02,318224
2015-11-03,321753
2015-11-04,316421
2015-11-05,323041
2015-11-06,315243
2015-11-07,289800
2015-11-08,298359
2015-11-09,345507
2015-11-10,331067
2015-11-11,327965
2015-11-12,328401
2015-11-13,332785
2015-11-14,315773
2015-11-15,306506
2015-11-16,341050
2015-11-17,330496
2015-11-18,321822
2015-11-19,320755
2015-11-20,343576
2015-11-21,332733
2015-11-22,335667
2015-11-23,382040
2015-11-24,367767
2015-11-25,319385
2015-11-26,281244
2015-11-27,282122
2015-11-28,291905
2015-11-29,299793
2015-11-30,351012
2015-12-01,347980
2015-12-02,349914
2015-12-03,375037
2015-12-04,381704
2015-12-05,357945
2015-12-06,347477
2015-12-07,369478
2015-12-08,362899
2015-12-09,367399
2015-12-10,350524
2015-12-11,332748
2015-12-12,296894
2015-12-13,291674
2015-12-14,330555
2015-12-15,344850
2015-12-16,347057
2015-12-17,352696
2015-12-18,385269
2015-12-19,375807
2015-12-20,363481
2015-12-21,364702
2015-12-22,332656
2015-12-23,322458
2015-12-24,275185
2015-12-25,265873
2015-12-26,281480
2015-12-27,287974
2015-12-28,341487
2015-12-29,333342
2015-12-30,336883
2015-12-31,334225
2016-01-01,338054
2016-01-02,347618
2016-01-03,350918
2016-01-04,404792
2016-01-05,430763
2016-01-06,422637
2016-01-07,399274
2016-01-08,381012
2016-01-09,329209
2016-01-10,350176
2016-01-11,441759
2016-01-12,436782
2016-01-13,457069
2016-01-14,402024
2016-01-15,384119
2016-01-16,358621
2016-01-17,383508
2016-01-18,476334
2016-01-19,489079
2016-01-20,477187
2016-01-21,445291
2016-01-22,450922
2016-01-23,417598
2016-01-24,400107
2016-01-25,413511
2016-01-26,391779
2016-01-27,400155
2016-01-28,413295
2016-01-29,396888
2016-01-30,358283
2016-01-31,321232
2016-02-01,347956
2016-02-02,362116
2016-02-03,342200
2016-02-04,381431
2016-02-05,394107
2016-02-06,365297
2016-02-07,351949
2016-02-08,392102
2016-02-09,432286
2016-02-10,460725
2016-02-11,459531
2016-02-12,446831
2016-02-13,423031
2016-02-14,432296
2016-02-15,419735
2016-02-16,405300
2016-02-17,397178
2016-02-18,393974
2016-02-19,370700
2016-02-20,306591
2016-02-21,303605
2016-02-22,354255
2016-02-23,360303
2016-02-24,361697
2016-02-25,395262
2016-02-26,399744
2016-02-27,350182
2016-02-28,317609
2016-02-29,335196
2016-03-01,356570
2016-03-02,387670
2016-03-03,412232
2016-03-04,391027
2016-03-05,355228
2016-03-06,333035
2016-03-07,353712
2016-03-08,329457
2016-03-09,323396
2016-03-10,324040
2016-03-11,314439
2016-03-12,289759
2016-03-13,273465
2016-03-14,319802
2016-03-15,319245
2016-03-16,317071
2016-03-17,322190
2016-03-18,322243
2016-03-19,314133
2016-03-20,322086
2016-03-21,356309
2016-03-22,343546
2016-03-23,317424
2016-03-24,318033
2016-03-25,304232
2016-03-26,288818
2016-03-27,270226
2016-03-28,313381
2016-03-29,327032
2016-03-30,333517
2016-03-31,316533
2016-04-01,307295
2016-04-02,298948
2016-04-03,312730
2016-04-04,332659
2016-04-05,352429
2016-04-06,352060
2016-04-07,342289
2016-04-08,348112
2016-04-09,345202
2016-04-10,334659
2016-04-11,328000
2016-04-12,325129
2016-04-13,332733
2016-04-14,328580
2016-04-15,313509
2016-04-16,281169
2016-04-17,277566
2016-04-18,322290
2016-04-19,318719
2016-04-20,316969
2016-04-21,314156
2016-04-22,306104
2016-04-23,272807
2016-04-24,274349
2016-04-25,314740
2016-04-26,326968
2016-04-27,314339
2016-04-28,321828
2016-04-29,309637
2016-04-30,282113
2016-05-01,279519
2016-05-02,312125
2016-05-03,311515
2016-05-04,311782
2016-05-05,320114
2016-05-06,309989
2016-05-07,278536
2016-05-08,268106
2016-05-09,312952
2016-05-10,320043
2016-05-11,321067
2016-05-12,328967
2016-05-13,308578
2016-05-14,280212
2016-05-15,279234
2016-05-16,316807
2016-05-17,313974
2016-05-18,312128
2016-05-19,312948
2016-05-20,306095
2016-05-21,280069
2016-05-22,270643
2016-05-23,315617
2016-05-24,331085
2016-05-25,340311
2016-05-26,356753
2016-05-27,363789
2016-05-28,335459
2016-05-29,312272
2016-05-30,322392
2016-05-31,370428
2016-06-01,378111
2016-06-02,375054
2016-06-03,370893
2016-06-04,330462
2016-06-05,313644
2016-06-06,353034
2016-06-07,340383
2016-06-08,316872
2016-06-09,326194
2016-06-10,353525
2016-06-11,372964
2016-06-12,355876
2016-06-13,355908
2016-06-14,365639
2016-06-15,389928
2016-06-16,388607
2016-06-17,364242
2016-06-18,338753
2016-06-19,337069
2016-06-20,399111
2016-06-21,392826
2016-06-22,359391
2016-06-23,374393
2016-06-24,366697
2016-06-25,351397
2016-06-26,365553
2016-06-27,406553
2016-06-28,380789
2016-06-29,352009
2016-06-30,350655
2016-07-01,346853
2016-07-02,303255
2016-07-03,281859
2016-07-04,289152
2016-07-05,366755
2016-07-06,389885
2016-07-07,393465
2016-07-08,390616
2016-07-09,348572
2016-07-10,337873
2016-07-11,398667
2016-07-12,413841
2016-07-13,420785
2016-07-14,407200
2016-07-15,396117
2016-07-16,347435
2016-07-17,353903
2016-07-18,412719
2016-07-19,415448
2016-07-20,409435
2016-07-21,414515
2016-07-22,415553
2016-07-23,410572
2016-07-24,407426
2016-07-25,445637
2016-07-26,428597
2016-07-27,422415
2016-07-28,408121
2016-07-29,396021
2016-07-30,367857
2016-07-31,366856
2016-08-01,410356
2016-08-02,414733
2016-08-03,418489
2016-08-04,422184
2016-08-05,423078
2016-08-06,385988
2016-08-07,356181
2016-08-08,390745
2016-08-09,416957
2016-08-10,431561
2016-08-11,451348
2016-08-12,453654
2016-08-13,415169
2016-08-14,374473
2016-08-15,399877
2016-08-16,409158
2016-08-17,399285
2016-08-18,403068
2016-08-19,402047
2016-08-20,368283
2016-08-21,339465
2016-08-22,357764
2016-08-23,365061
2016-08-24,376490
2016-08-25,429018
2016-08-26,431482
2016-08-27,397055
2016-08-28,388932
2016-08-29,420985
2016-08-30,413518
2016-08-31,406980
2016-09-01,370700
2016-09-02,340165
2016-09-03,305640
2016-09-04,306428
2016-09-05,331832
2016-09-06,404384
2016-09-07,431090
2016-09-08,431329
2016-09-09,409511
2016-09-10,378551
2016-09-11,322234
2016-09-12,351463
2016-09-13,367593
2016-09-14,364287
2016-09-15,349713
2016-09-16,358850
2016-09-17,344431
2016-09-18,329967
2016-09-19,372759
2016-09-20,375647
2016-09-21,372387
2016-09-22,378656
2016-09-23,383382
2016-09-24,338878
2016-09-25,317374
2016-09-26,334557
2016-09-27,324120
2016-09-28,319659
2016-09-29,318712
2016-09-30,313591
2016-10-01,282452
2016-10-02,270336
2016-10-03,310866
2016-10-04,321058
2016-10-05,326218
2016-10-06,331856
2016-10-07,325892
2016-10-08,283893
2016-10-09,271418
2016-10-10,311872
2016-10-11,315566
2016-10-12,317391
2016-10-13,310616
2016-10-14,305250
2016-10-15,281916
2016-10-16,278563
2016-10-17,331368
2016-10-18,336925
2016-10-19,338136
2016-10-20,326810
2016-10-21,310779
2016-10-22,287976
2016-10-23,283301
2016-10-24,307551
2016-10-25,321346
2016-10-26,324548
2016-10-27,320289
2016-10-28,313778
2016-10-29,291222
2016-10-30,277001
2016-10-31,310822
2016-11-01,319728
2016-11-02,319618
2016-11-03,314754
2016-11-04,307366
2016-11-05,294282
2016-11-06,300132
2016-11-07,322081
2016-11-08,324311
2016-11-09,326620
2016-11-10,339826
2016-11-11,328356
2016-11-12,317050
2016-11-13,318950
2016-11-14,351377
2016-11-15,346245
2016-11-16,336223
2016-11-17,334426
2016-11-18,322851
2016-11-19,321217
2016-11-20,346068
2016-11-21,377543
2016-11-22,381512
2016-11-23,367333
2016-11-24,291570
2016-11-25,296893
2016-11-26,314512
2016-11-27,324583
2016-11-28,356965
2016-11-29,331295
2016-11-30,329918
2016-12-01,357346
2016-12-02,370998
2016-12-03,346435
2016-12-04,342712
2016-12-05,362605
2016-12-06,376860
2016-12-07,374652
2016-12-08,403611
2016-12-09,426502
2016-12-10,404482
2016-12-11,379886
2016-12-12,380072
2016-12-13,395825
2016-12-14,411744
2016-12-15,461919
2016-12-16,469464
2016-12-17,378912
2016-12-18,358696
2016-12-19,427475
2016-12-20,433923
2016-12-21,410645
2016-12-22,381689
2016-12-23,372437
2016-12-24,318380
2016-12-25,292305
2016-12-26,293817
2016-12-27,323425
2016-12-28,357566
2016-12-29,356271
2016-12-30,374018
2016-12-31,359505
2017-01-01,313746
2017-01-02,323486
2017-01-03,346960
2017-01-04,375407
2017-01-05,434529
2017-01-06,448984
2017-01-07,449971
2017-01-08,454685
2017-01-09,470170
2017-01-10,418391
2017-01-11,373521
2017-01-12,345408
2017-01-13,362732
2017-01-14,353356
2017-01-15,339578
2017-01-16,366121
2017-01-17,350650
2017-01-18,354859
2017-01-19,365190
2017-01-20,347073
2017-01-21,309393
2017-01-22,295093
2017-01-23,346275
2017-01-24,363668
2017-01-25,356699
2017-01-26,371210
2017-01-27,401521
2017-01-28,374646
2017-01-29,362073
2017-01-30,412152
2017-01-31,393704
2017-02-01,370693
2017-02-02,386991
2017-02-03,413014
2017-02-04,400462
2017-02-05,347857
2017-02-06,363434
2017-02-07,337230
2017-02-08,343832
2017-02-09,405701
2017-02-10,419127
2017-02-11,328529
2017-02-12,297811
2017-02-13,364047
2017-02-14,372826
2017-02-15,375118
2017-02-16,392742
2017-02-17,355436
2017-02-18,307777
2017-02-19,292549
2017-02-20,335623
2017-02-21,329349
2017-02-22,325986
2017-02-23,322496
2017-02-24,314679
2017-02-25,307855
2017-02-26,331959
2017-02-27,360988
2017-02-28,351229
2017-03-01,323502
2017-03-02,363024
2017-03-03,383378
2017-03-04,365088
2017-03-05,334128
2017-03-06,347941
2017-03-07,336318
2017-03-08,337121
2017-03-09,338102
2017-03-10,356503
2017-03-11,364775
2017-03-12,338297
2017-03-13,390773
2017-03-14,411768
2017-03-15,441180
2017-03-16,410804
2017-03-17,404742
2017-03-18,337890
2017-03-19,326664
2017-03-20,365447
2017-03-21,337603
2017-03-22,352558
2017-03-23,368283
2017-03-24,327640
2017-03-25,282371
2017-03-26,278566
2017-03-27,315108
2017-03-28,319747
2017-03-29,321696
2017-03-30,326227
2017-03-31,320400
2017-04-01,301661
2017-04-02,288970
2017-04-03,321152
2017-04-04,318406
2017-04-05,321238
2017-04-06,332395
2017-04-07,353238
2017-04-08,309547
2017-04-09,285841
2017-04-10,315282
2017-04-11,316301
2017-04-12,311224
2017-04-13,312043
2017-04-14,292669
2017-04-15,278843
2017-04-16,273607
2017-04-17,310937
2017-04-18,314165
2017-04-19,318416
2017-04-20,330834
2017-04-21,313618
2017-04-22,284761
2017-04-23,279849
2017-04-24,315361
2017-04-25,317878
2017-04-26,327966
2017-04-27,320067
2017-04-28,312725
2017-04-29,299276
2017-04-30,301326
2017-05-01,319152
2017-05-02,303699
2017-05-03,303434
2017-05-04,310316
2017-05-05,311426
2017-05-06,285119
2017-05-07,277479
2017-05-08,319093
2017-05-09,321703
2017-05-10,321062
2017-05-11,321147
2017-05-12,307128
2017-05-13,281278
2017-05-14,275728
2017-05-15,320359
2017-05-16,343501
2017-05-17,366210
2017-05-18,373616
2017-05-19,349806
2017-05-20,310297
2017-05-21,290532
2017-05-22,317686
2017-05-23,318452
2017-05-24,316618
2017-05-25,315618
2017-05-26,313804
2017-05-27,296762
2017-05-28,289032
2017-05-29,298335
2017-05-30,336130
2017-05-31,332559
2017-06-01,333187
2017-06-02,334701
2017-06-03,316653
2017-06-04,322109
2017-06-05,350677
2017-06-06,329621
2017-06-07,313472
2017-06-08,323411
2017-06-09,331719
2017-06-10,331600
2017-06-11,346270
2017-06-12,404897
2017-06-13,403566
2017-06-14,393390
2017-06-15,396435
2017-06-16,392548
2017-06-17,374074
2017-06-18,363425
2017-06-19,365554
2017-06-20,353230
2017-06-21,369285
2017-06-22,392204
2017-06-23,373786
2017-06-24,331467
2017-06-25,301469
2017-06-26,324014
2017-06-27,326931
2017-06-28,334595
2017-06-29,376990
2017-06-30,388870
2017-07-01,354699
2017-07-02,346142
2017-07-03,360846
2017-07-04,342395
2017-07-05,375381
2017-07-06,377448
2017-07-07,369223
2017-07-08,330853
2017-07-09,322366
2017-07-10,366140
2017-07-11,390406
2017-07-12,409691
2017-07-13,408683
2017-07-14,402333
2017-07-15,355794
2017-07-16,348308
2017-07-17,396291
2017-07-18,415077
2017-07-19,427281
2017-07-20,430463
2017-07-21,423681
2017-07-22,392836
2017-07-23,369685
2017-07-24,392240
2017-07-25,372036
2017-07-26,378975
2017-07-27,383108
2017-07-28,374735
2017-07-29,322949
2017-07-30,327174
2017-07-31,382389
2017-08-01,387813
2017-08-02,389795
2017-08-03,392999
2017-08-04,364607
2017-08-05,309570
2017-08-06,297737
2017-08-07,340310
2017-08-08,354050
2017-08-09,358806
2017-08-10,359963
2017-08-11,368152
2017-08-12,338436
2017-08-13,326801
2017-08-14,370415
2017-08-15,397129
2017-08-16,407378
2017-08-17,417209
2017-08-18,404572
2017-08-19,359065
2017-08-20,359564
2017-08-21,415084
2017-08-22,407347
2017-08-23,370258
2017-08-24,343708
2017-08-25,331714
2017-08-26,307187
2017-08-27,306649
2017-08-28,343347
2017-08-29,351154
2017-08-30,356557
2017-08-31,352758
2017-09-01,316908
2017-09-02,277547
2017-09-03,281766
2017-09-04,308542
2017-09-05,338661
2017-09-06,314563
2017-09-07,313770
2017-09-08,311672
2017-09-09,285702
2017-09-10,275496
2017-09-11,312959
2017-09-12,322822
2017-09-13,329364
2017-09-14,329840
2017-09-15,333548
2017-09-16,318927
2017-09-17,317927
2017-09-18,357343
2017-09-19,356169
2017-09-20,371577
2017-09-21,388488
2017-09-22,387270
2017-09-23,357117
2017-09-24,343973
2017-09-25,384273
2017-09-26,389731
2017-09-27,381639
2017-09-28,341527
2017-09-29,316200
2017-09-30,279956
2017-10-01,273102
2017-10-02,316188
2017-10-03,331339
2017-10-04,341210
2017-10-05,335703
2017-10-06,328544
2017-10-07,315878
2017-10-08,301889
2017-10-09,351840
2017-10-10,351766
2017-10-11,344606
2017-10-12,321690
2017-10-13,317871
2017-10-14,299371
2017-10-15,294509
2017-10-16,312040
2017-10-17,322774
2017-10-18,325216
2017-10-19,319459
2017-10-20,315150
2017-10-21,287408
2017-10-22,280393
2017-10-23,313133
2017-10-24,313445
2017-10-25,324324
2017-10-26,331667
2017-10-27,323498
2017-10-28,305372
2017-10-29,315250
2017-10-30,358027
2017-10-31,348892
2017-11-01,348190
2017-11-02,326441
2017-11-03,315836
2017-11-04,296228
2017-11-05,296819
2017-11-06,317579
2017-11-07,337042
2017-11-08,350466
2017-11-09,352122
2017-11-10,367495
2017-11-11,363571
2017-11-12,336239
2017-11-13,360492
2017-11-14,362449
2017-11-15,371627
2017-11-16,358535
2017-11-17,356502
2017-11-18,324239
2017-11-19,331229
2017-11-20,376104
2017-11-21,366962
2017-11-22,356644
2017-11-23,337925
2017-11-24,326851
2017-11-25,310404
2017-11-26,327851
2017-11-27,367684
2017-11-28,358689
2017-11-29,350667
2017-11-30,352533
2017-12-01,350211
2017-12-02,339917
2017-12-03,327569
2017-12-04,363368
2017-12-05,352854
2017-12-06,383091
2017-12-07,399318
2017-12-08,413441
2017-12-09,394494
2017-12-10,380702
2017-12-11,398443
2017-12-12,415576
2017-12-13,436002
2017-12-14,411556
2017-12-15,424291
2017-12-16,375683
2017-12-17,366546
2017-12-18,373903
2017-12-19,358916
2017-12-20,362297
2017-12-21,380985
2017-12-22,350410
2017-12-23,326509
2017-12-24,330255
2017-12-25,362107
2017-12-26,400713
2017-12-27,439663
2017-12-28,465511
2017-12-29,434221
2017-12-30,414764
2017-12-31,441162
2018-01-01,468324
2018-01-02,502524
2018-01-03,496690
2018-01-04,491361
2018-01-05,508004
2018-01-06,500348
2018-01-07,475281
2018-01-08,437769
2018-01-09,400218
2018-01-10,384672
2018-01-11,356455
2018-01-12,361633
2018-01-13,422123
2018-01-14,441362
2018-01-15,464372
2018-01-16,458549
2018-01-17,487519
2018-01-18,481559
2018-01-19,434918
2018-01-20,367001
2018-01-21,333898
2018-01-22,348234
2018-01-23,359953
2018-01-24,397789
2018-01-25,403360
2018-01-26,390355
2018-01-27,348457
2018-01-28,326238
2018-01-29,387501
2018-01-30,431889
2018-01-31,422231
2018-02-01,392972
2018-02-02,443518
2018-02-03,426770
2018-02-04,380323
2018-02-05,426724
2018-02-06,421241
2018-02-07,418215
2018-02-08,424763
2018-02-09,404233
2018-02-10,357500
2018-02-11,337248
2018-02-12,384094
2018-02-13,397955
2018-02-14,369818
2018-02-15,335272
2018-02-16,343395
2018-02-17,365337
2018-02-18,334161
2018-02-19,348909
2018-02-20,324360
2018-02-21,325259
2018-02-22,345087
2018-02-23,325896
2018-02-24,303851
2018-02-25,295965
2018-02-26,340296
2018-02-27,354475
2018-02-28,338281
2018-03-01,344032
2018-03-02,367291
2018-03-03,349476
2018-03-04,340154
2018-03-05,373271
2018-03-06,360340
2018-03-07,382954
2018-03-08,404747
2018-03-09,397214
2018-03-10,355135
2018-03-11,328186
2018-03-12,390143
2018-03-13,400009
2018-03-14,410640
2018-03-15,385679
2018-03-16,372149
2018-03-17,350281
2018-03-18,315263
2018-03-19,347276
2018-03-20,369195
2018-03-21,398255
2018-03-22,387598
2018-03-23,376075
2018-03-24,368372
2018-03-25,340822
2018-03-26,361411
2018-03-27,355959
2018-03-28,336093
2018-03-29,329962
2018-03-30,315710
2018-03-31,314954
2018-04-01,293306
2018-04-02,340887
2018-04-03,338604
2018-04-04,344124
2018-04-05,362570
2018-04-06,343354
2018-04-07,343202
2018-04-08,339525
2018-04-09,373844
2018-04-10,361992
2018-04-11,339926
2018-04-12,326132
2018-04-13,313577
2018-04-14,294034
2018-04-15,294163
2018-04-16,355899
2018-04-17,379252
2018-04-18,347182
2018-04-19,340972
2018-04-20,342226
2018-04-21,309700
2018-04-22,286784
2018-04-23,315207
2018-04-24,281370
2018-04-25,317392
2018-04-26,315787
2018-04-27,311136
2018-04-28,293702
2018-04-29,291763
2018-04-30,322644
2018-05-01,318045
2018-05-02,327388
2018-05-03,341214
2018-05-04,329415
2018-05-05,285652
2018-05-06,280322
2018-05-07,311340
2018-05-08,319082
2018-05-09,328530
2018-05-10,335838
2018-05-11,324604
2018-05-12,310630
2018-05-13,307981
2018-05-14,360114
2018-05-15,364123
2018-05-16,334210
2018-05-17,347176
2018-05-18,328424
2018-05-19,313060
2018-05-20,316059
2018-05-21,353488
2018-05-22,356571
2018-05-23,347750
2018-05-24,351750
2018-05-25,363291
2018-05-26,334508
2018-05-27,340760
2018-05-28,361054
2018-05-29,405705
2018-05-30,403182
2018-05-31,401786
2018-06-01,377632
2018-06-02,341092
2018-06-03,331791
2018-06-04,339060
2018-06-05,330647
2018-06-06,322825
2018-06-07,345466
2018-06-08,360961
2018-06-09,344637
2018-06-10,332454
2018-06-11,348883
2018-06-12,353857
2018-06-13,373453
2018-06-14,372490
2018-06-15,374066
2018-06-16,367177
2018-06-17,388221
2018-06-18,446178
2018-06-19,434078
2018-06-20,405651
2018-06-21,373137
2018-06-22,366560
2018-06-23,338479
2018-06-24,346565
2018-06-25,365644
2018-06-26,361241
2018-06-27,368290
2018-06-28,394806
2018-06-29,412192
2018-06-30,402247
2018-07-01,403171
2018-07-02,420069
2018-07-03,422164
2018-07-04,408204
2018-07-05,422616
2018-07-06,377830
2018-07-07,326648
2018-07-08,330449
2018-07-09,394256
2018-07-10,419744
2018-07-11,401139
2018-07-12,391940
2018-07-13,405871
2018-07-14,395721
2018-07-15,391109
2018-07-16,417601
2018-07-17,415467
2018-07-18,379537
2018-07-19,381358
2018-07-20,367980
2018-07-21,331086
2018-07-22,323504
2018-07-23,369842
2018-07-24,381373
2018-07-25,396080
2018-07-26,395382
2018-07-27,379599
2018-07-28,338714
2018-07-29,327792
2018-07-30,368834
2018-07-31,364327
2018-08-01,363628
2018-08-02,376504